unit_id,model,scenario,tech,patch,input_mode,required_block_nc,missing_block_nc,missing_block_sidecars,missing_final_files,invalid_files,files_ready,checked_at,bcsd_root
cf-grid-v2/CANESM5/ssp126/wind/R01C01,CANESM5,ssp126,wind,R01C01,final,16,16,16,0,0,True,2026-10-01T01:02:55+08:00,/work/share/aczlvkl1ac/bcsd_runs/production_v2
cf-grid-v2/CANESM5/ssp126/wind/R01C02,CANESM5,ssp126,wind,R01C02,final,16,16,16,0,0,True,2026-10-01T01:02:55+08:00,/work/share/aczlvkl1ac/bcsd_runs/production_v2
cf-grid-v2/CANESM5/ssp126/wind/R01C03,CANESM5,ssp126,wind,R01C03,final,16,16,16,0,0,True,2026-10-01T01:02:55+08:00,/work/share/aczlvkl1ac/bcsd_runs/production_v2
cf-grid-v2/CANESM5/ssp126/wind/R01C04,CANESM5,ssp126,wind,R01C04,final,16,16,16,0,0,True,2026-10-01T01:02:55+08:00,/work/share/aczlvkl1ac/bcsd_runs/production_v2
cf-grid-v2/CANESM5/ssp126/wind/R01C05,CANESM5,ssp126,wind,R01C05,final,16,16,16,0,0,True,2026-10-01T01:02:55+08:00,/work/share/aczlvkl1ac/bcsd_runs/production_v2
cf-grid-v2/CANESM5/ssp126/wind/R01C06,CANESM5,ssp126,wind,R01C06,final,16,16,16,0,0,True,2026-10-01T01:02:55+08:00,/work/share/aczlvkl1ac/bcsd_runs/production_v2
cf-grid-v2/CANESM5/ssp126/wind/R01C07,CANESM5,ssp126,wind,R01C07,final,16,16,16,0,0,True,2026-10-01T01:02:55+08:00,/work/share/aczlvkl1ac/bcsd_runs/production_v2
cf-grid-v2/CANESM5/ssp126/wind/R01C08,CANESM5,ssp126,wind,R01C08,final,16,16,16,0,0,True,2026-10-01T01:02:55+08:00,/work/share/aczlvkl1ac/bcsd_runs/production_v2
cf-grid-v2/CANESM5/ssp126/wind/R01C09,CANESM5,ssp126,wind,R01C09,final,16,16,16,0,0,True,2026-10-01T01:02:55+08:00,/work/share/aczlvkl1ac/bcsd_runs/production_v2
cf-grid-v2/CANESM5/ssp126/wind/R01C10,CANESM5,ssp126,wind,R01C10,final,16,16,16,0,0,True,2026-10-01T01:02:55+08:00,/work/share/aczlvkl1ac/bcsd_runs/production_v2
cf-grid-v2/CANESM5/ssp126/wind/R01C11,CANESM5,ssp126,wind,R01C11,final,16,16,16,0,0,True,2026-10-01T01:02:55+08:00,/work/share/aczlvkl1ac/bcsd_runs/production_v2
cf-grid-v2/CANESM5/ssp126/wind/R01C12,CANESM5,ssp126,wind,R01C12,final,16,16,16,0,0,True,2026-10-01T01:02:55+08:00,/work/share/aczlvkl1ac/bcsd_runs/production_v2
cf-grid-v2/CANESM5/ssp126/wind/R02C01,CANESM5,ssp126,wind,R02C01,final,16,16,16,0,0,True,2026-10-01T01:02:55+08:00,/work/share/aczlvkl1ac/bcsd_runs/production_v2
cf-grid-v2/CANESM5/ssp126/wind/R02C02,CANESM5,ssp126,wind,R02C02,final,16,16,16,0,0,True,2026-10-01T01:02:55+08:00,/work/share/aczlvkl1ac/bcsd_runs/production_v2
cf-grid-v2/CANESM5/ssp126/wind/R02C03,CANESM5,ssp126,wind,R02C03,final,16,16,16,0,0,True,2026-10-01T01:02:55+08:00,/work/share/aczlvkl1ac/bcsd_runs/production_v2
cf-grid-v2/CANESM5/ssp126/wind/R02C04,CANESM5,ssp126,wind,R02C04,final,16,16,16,0,0,True,2026-10-01T01:02:55+08:00,/work/share/aczlvkl1ac/bcsd_runs/production_v2
cf-grid-v2/CANESM5/ssp126/wind/R02C05,CANESM5,ssp126,wind,R02C05,final,16,16,16,0,0,True,2026-10-01T01:02:55+08:00,/work/share/aczlvkl1ac/bcsd_runs/production_v2
cf-grid-v2/CANESM5/ssp126/wind/R02C06,CANESM5,ssp126,wind,R02C06,final,16,16,16,0,0,True,2026-10-01T01:02:55+08:00,/work/share/aczlvkl1ac/bcsd_runs/production_v2
cf-grid-v2/CANESM5/ssp126/wind/R02C07,CANESM5,ssp126,wind,R02C07,final,16,16,16,0,0,True,2026-10-01T01:02:55+08:00,/work/share/aczlvkl1ac/bcsd_runs/production_v2
cf-grid-v2/CANESM5/ssp126/wind/R02C08,CANESM5,ssp126,wind,R02C08,final,16,16,16,0,0,True,2026-10-01T01:02:55+08:00,/work/share/aczlvkl1ac/bcsd_runs/production_v2
cf-grid-v2/CANESM5/ssp126/wind/R02C09,CANESM5,ssp126,wind,R02C09,final,16,16,16,0,0,True,2026-10-01T01:02:55+08:00,/work/share/aczlvkl1ac/bcsd_runs/production_v2
cf-grid-v2/CANESM5/ssp126/wind/R02C10,CANESM5,ssp126,wind,R02C10,final,16,16,16,0,0,True,2026-10-01T01:02:55+08:00,/work/share/aczlvkl1ac/bcsd_runs/production_v2
cf-grid-v2/CANESM5/ssp126/wind/R02C11,CANESM5,ssp126,wind,R02C11,final,16,16,16,0,0,True,2026-10-01T01:02:55+08:00,/work/share/aczlvkl1ac/bcsd_runs/production_v2
cf-grid-v2/CANESM5/ssp126/wind/R02C12,CANESM5,ssp126,wind,R02C12,final,16,16,16,0,0,True,2026-10-01T01:02:55+08:00,/work/share/aczlvkl1ac/bcsd_runs/production_v2
cf-grid-v2/CANESM5/ssp126/wind/R03C03,CANESM5,ssp126,wind,R03C03,final,16,16,16,0,0,True,2026-10-01T01:02:55+08:00,/work/share/aczlvkl1ac/bcsd_runs/production_v2
cf-grid-v2/CANESM5/ssp126/wind/R03C04,CANESM5,ssp126,wind,R03C04,final,16,16,16,0,0,True,2026-10-01T01:02:55+08:00,/work/share/aczlvkl1ac/bcsd_runs/production_v2
cf-grid-v2/CANESM5/ssp126/wind/R03C05,CANESM5,ssp126,wind,R03C05,final,16,16,16,0,0,True,2026-10-01T01:02:55+08:00,/work/share/aczlvkl1ac/bcsd_runs/production_v2
cf-grid-v2/CANESM5/ssp126/wind/R03C06,CANESM5,ssp126,wind,R03C06,final,16,16,16,0,0,True,2026-10-01T01:02:55+08:00,/work/share/aczlvkl1ac/bcsd_runs/production_v2
cf-grid-v2/CANESM5/ssp126/wind/R03C07,CANESM5,ssp126,wind,R03C07,final,16,16,16,0,0,True,2026-10-01T01:02:55+08:00,/work/share/aczlvkl1ac/bcsd_runs/production_v2
cf-grid-v2/CANESM5/ssp126/wind/R03C08,CANESM5,ssp126,wind,R03C08,final,16,16,16,0,0,True,2026-10-01T01:02:55+08:00,/work/share/aczlvkl1ac/bcsd_runs/production_v2
cf-grid-v2/CANESM5/ssp126/wind/R03C09,CANESM5,ssp126,wind,R03C09,final,16,16,16,0,0,True,2026-10-01T01:02:55+08:00,/work/share/aczlvkl1ac/bcsd_runs/production_v2
cf-grid-v2/CANESM5/ssp126/wind/R03C10,CANESM5,ssp126,wind,R03C10,final,16,16,16,0,0,True,2026-10-01T01:02:55+08:00,/work/share/aczlvkl1ac/bcsd_runs/production_v2
cf-grid-v2/CANESM5/ssp126/wind/R03C11,CANESM5,ssp126,wind,R03C11,final,16,16,16,0,0,True,2026-10-01T01:02:55+08:00,/work/share/aczlvkl1ac/bcsd_runs/production_v2
cf-grid-v2/CANESM5/ssp126/wind/R04C04,CANESM5,ssp126,wind,R04C04,final,16,16,16,0,0,True,2026-10-01T01:02:55+08:00,/work/share/aczlvkl1ac/bcsd_runs/production_v2
cf-grid-v2/CANESM5/ssp126/wind/R04C05,CANESM5,ssp126,wind,R04C05,final,16,16,16,0,0,True,2026-10-01T01:02:55+08:00,/work/share/aczlvkl1ac/bcsd_runs/production_v2
cf-grid-v2/CANESM5/ssp126/wind/R04C07,CANESM5,ssp126,wind,R04C07,final,16,16,16,0,0,True,2026-10-01T01:02:55+08:00,/work/share/aczlvkl1ac/bcsd_runs/production_v2
cf-grid-v2/CANESM5/ssp126/wind/R04C08,CANESM5,ssp126,wind,R04C08,final,16,16,16,0,0,True,2026-10-01T01:02:55+08:00,/work/share/aczlvkl1ac/bcsd_runs/production_v2
cf-grid-v2/CANESM5/ssp126/wind/R04C10,CANESM5,ssp126,wind,R04C10,final,16,16,16,0,0,True,2026-10-01T01:02:55+08:00,/work/share/aczlvkl1ac/bcsd_runs/production_v2
cf-grid-v2/CANESM5/ssp126/wind/R04C11,CANESM5,ssp126,wind,R04C11,final,16,16,16,0,0,True,2026-10-01T01:02:55+08:00,/work/share/aczlvkl1ac/bcsd_runs/production_v2
cf-grid-v2/CANESM5/ssp126/wind/R04C12,CANESM5,ssp126,wind,R04C12,final,16,16,16,0,0,True,2026-10-01T01:02:55+08:00,/work/share/aczlvkl1ac/bcsd_runs/production_v2
cf-grid-v2/CANESM5/ssp126/wind/R05C04,CANESM5,ssp126,wind,R05C04,final,16,16,16,0,0,True,2026-10-01T01:02:55+08:00,/work/share/aczlvkl1ac/bcsd_runs/production_v2
cf-grid-v2/CANESM5/ssp126/wind/R05C05,CANESM5,ssp126,wind,R05C05,final,16,16,16,0,0,True,2026-10-01T01:02:55+08:00,/work/share/aczlvkl1ac/bcsd_runs/production_v2
cf-grid-v2/CANESM5/ssp126/wind/R05C07,CANESM5,ssp126,wind,R05C07,final,16,16,16,0,0,True,2026-10-01T01:02:55+08:00,/work/share/aczlvkl1ac/bcsd_runs/production_v2
cf-grid-v2/CANESM5/ssp126/wind/R05C08,CANESM5,ssp126,wind,R05C08,final,16,16,16,0,0,True,2026-10-01T01:02:55+08:00,/work/share/aczlvkl1ac/bcsd_runs/production_v2
cf-grid-v2/CANESM5/ssp126/wind/R05C10,CANESM5,ssp126,wind,R05C10,final,16,16,16,0,0,True,2026-10-01T01:02:55+08:00,/work/share/aczlvkl1ac/bcsd_runs/production_v2
cf-grid-v2/CANESM5/ssp126/wind/R05C11,CANESM5,ssp126,wind,R05C11,final,16,16,16,0,0,True,2026-10-01T01:02:55+08:00,/work/share/aczlvkl1ac/bcsd_runs/production_v2
cf-grid-v2/CANESM5/ssp126/wind/R05C12,CANESM5,ssp126,wind,R05C12,final,16,16,16,0,0,True,2026-10-01T01:02:55+08:00,/work/share/aczlvkl1ac/bcsd_runs/production_v2
cf-grid-v2/CANESM5/ssp126/solar/R01C01,CANESM5,ssp126,solar,R01C01,final,32,32,32,0,0,True,2026-10-01T01:02:55+08:00,/work/share/aczlvkl1ac/bcsd_runs/production_v2
cf-grid-v2/CANESM5/ssp126/solar/R01C02,CANESM5,ssp126,solar,R01C02,final,32,32,32,0,0,True,2026-10-01T01:02:55+08:00,/work/share/aczlvkl1ac/bcsd_runs/production_v2
cf-grid-v2/CANESM5/ssp126/solar/R01C03,CANESM5,ssp126,solar,R01C03,final,32,32,32,0,0,True,2026-10-01T01:02:55+08:00,/work/share/aczlvkl1ac/bcsd_runs/production_v2
cf-grid-v2/CANESM5/ssp126/solar/R01C04,CANESM5,ssp126,solar,R01C04,final,32,32,32,0,0,True,2026-10-01T01:02:55+08:00,/work/share/aczlvkl1ac/bcsd_runs/production_v2
cf-grid-v2/CANESM5/ssp126/solar/R01C05,CANESM5,ssp126,solar,R01C05,final,32,32,32,0,0,True,2026-10-01T01:02:55+08:00,/work/share/aczlvkl1ac/bcsd_runs/production_v2
cf-grid-v2/CANESM5/ssp126/solar/R01C06,CANESM5,ssp126,solar,R01C06,final,32,32,32,0,0,True,2026-10-01T01:02:55+08:00,/work/share/aczlvkl1ac/bcsd_runs/production_v2
cf-grid-v2/CANESM5/ssp126/solar/R01C07,CANESM5,ssp126,solar,R01C07,final,32,32,32,0,0,True,2026-10-01T01:02:55+08:00,/work/share/aczlvkl1ac/bcsd_runs/production_v2
cf-grid-v2/CANESM5/ssp126/solar/R01C08,CANESM5,ssp126,solar,R01C08,final,32,32,32,0,0,True,2026-10-01T01:02:55+08:00,/work/share/aczlvkl1ac/bcsd_runs/production_v2
cf-grid-v2/CANESM5/ssp126/solar/R01C09,CANESM5,ssp126,solar,R01C09,final,32,32,32,0,0,True,2026-10-01T01:02:55+08:00,/work/share/aczlvkl1ac/bcsd_runs/production_v2
cf-grid-v2/CANESM5/ssp126/solar/R01C10,CANESM5,ssp126,solar,R01C10,final,32,32,32,0,0,True,2026-10-01T01:02:55+08:00,/work/share/aczlvkl1ac/bcsd_runs/production_v2
cf-grid-v2/CANESM5/ssp126/solar/R01C11,CANESM5,ssp126,solar,R01C11,final,32,32,32,0,0,True,2026-10-01T01:02:55+08:00,/work/share/aczlvkl1ac/bcsd_runs/production_v2
cf-grid-v2/CANESM5/ssp126/solar/R01C12,CANESM5,ssp126,solar,R01C12,final,32,32,32,0,0,True,2026-10-01T01:02:55+08:00,/work/share/aczlvkl1ac/bcsd_runs/production_v2
cf-grid-v2/CANESM5/ssp126/solar/R02C01,CANESM5,ssp126,solar,R02C01,final,32,32,32,0,0,True,2026-10-01T01:02:55+08:00,/work/share/aczlvkl1ac/bcsd_runs/production_v2
cf-grid-v2/CANESM5/ssp126/solar/R02C02,CANESM5,ssp126,solar,R02C02,final,32,32,32,0,0,True,2026-10-01T01:02:55+08:00,/work/share/aczlvkl1ac/bcsd_runs/production_v2
cf-grid-v2/CANESM5/ssp126/solar/R02C03,CANESM5,ssp126,solar,R02C03,final,32,32,32,0,0,True,2026-10-01T01:02:55+08:00,/work/share/aczlvkl1ac/bcsd_runs/production_v2
cf-grid-v2/CANESM5/ssp126/solar/R02C04,CANESM5,ssp126,solar,R02C04,final,32,32,32,0,0,True,2026-10-01T01:02:55+08:00,/work/share/aczlvkl1ac/bcsd_runs/production_v2
cf-grid-v2/CANESM5/ssp126/solar/R02C05,CANESM5,ssp126,solar,R02C05,final,32,32,32,0,0,True,2026-10-01T01:02:55+08:00,/work/share/aczlvkl1ac/bcsd_runs/production_v2
cf-grid-v2/CANESM5/ssp126/solar/R02C06,CANESM5,ssp126,solar,R02C06,final,32,32,32,0,0,True,2026-10-01T01:02:55+08:00,/work/share/aczlvkl1ac/bcsd_runs/production_v2
cf-grid-v2/CANESM5/ssp126/solar/R02C07,CANESM5,ssp126,solar,R02C07,final,32,32,32,0,0,True,2026-10-01T01:02:55+08:00,/work/share/aczlvkl1ac/bcsd_runs/production_v2
cf-grid-v2/CANESM5/ssp126/solar/R02C08,CANESM5,ssp126,solar,R02C08,final,32,32,32,0,0,True,2026-10-01T01:02:55+08:00,/work/share/aczlvkl1ac/bcsd_runs/production_v2
cf-grid-v2/CANESM5/ssp126/solar/R02C09,CANESM5,ssp126,solar,R02C09,final,32,32,32,0,0,True,2026-10-01T01:02:55+08:00,/work/share/aczlvkl1ac/bcsd_runs/production_v2
cf-grid-v2/CANESM5/ssp126/solar/R02C10,CANESM5,ssp126,solar,R02C10,final,32,32,32,0,0,True,2026-10-01T01:02:55+08:00,/work/share/aczlvkl1ac/bcsd_runs/production_v2
cf-grid-v2/CANESM5/ssp126/solar/R02C11,CANESM5,ssp126,solar,R02C11,final,32,32,32,0,0,True,2026-10-01T01:02:55+08:00,/work/share/aczlvkl1ac/bcsd_runs/production_v2
cf-grid-v2/CANESM5/ssp126/solar/R02C12,CANESM5,ssp126,solar,R02C12,final,32,32,32,0,0,True,2026-10-01T01:02:55+08:00,/work/share/aczlvkl1ac/bcsd_runs/production_v2
cf-grid-v2/CANESM5/ssp126/solar/R03C03,CANESM5,ssp126,solar,R03C03,final,32,32,32,0,0,True,2026-10-01T01:02:55+08:00,/work/share/aczlvkl1ac/bcsd_runs/production_v2
cf-grid-v2/CANESM5/ssp126/solar/R03C04,CANESM5,ssp126,solar,R03C04,final,32,32,32,0,0,True,2026-10-01T01:02:55+08:00,/work/share/aczlvkl1ac/bcsd_runs/production_v2
cf-grid-v2/CANESM5/ssp126/solar/R03C05,CANESM5,ssp126,solar,R03C05,final,32,32,32,0,0,True,2026-10-01T01:02:55+08:00,/work/share/aczlvkl1ac/bcsd_runs/production_v2
cf-grid-v2/CANESM5/ssp126/solar/R03C06,CANESM5,ssp126,solar,R03C06,final,32,32,32,0,0,True,2026-10-01T01:02:55+08:00,/work/share/aczlvkl1ac/bcsd_runs/production_v2
cf-grid-v2/CANESM5/ssp126/solar/R03C07,CANESM5,ssp126,solar,R03C07,final,32,32,32,0,0,True,2026-10-01T01:02:55+08:00,/work/share/aczlvkl1ac/bcsd_runs/production_v2
cf-grid-v2/CANESM5/ssp126/solar/R03C08,CANESM5,ssp126,solar,R03C08,final,32,32,32,0,0,True,2026-10-01T01:02:55+08:00,/work/share/aczlvkl1ac/bcsd_runs/production_v2
cf-grid-v2/CANESM5/ssp126/solar/R03C09,CANESM5,ssp126,solar,R03C09,final,32,32,32,0,0,True,2026-10-01T01:02:55+08:00,/work/share/aczlvkl1ac/bcsd_runs/production_v2
cf-grid-v2/CANESM5/ssp126/solar/R03C10,CANESM5,ssp126,solar,R03C10,final,32,32,32,0,0,True,2026-10-01T01:02:55+08:00,/work/share/aczlvkl1ac/bcsd_runs/production_v2
cf-grid-v2/CANESM5/ssp126/solar/R03C11,CANESM5,ssp126,solar,R03C11,final,32,32,32,0,0,True,2026-10-01T01:02:55+08:00,/work/share/aczlvkl1ac/bcsd_runs/production_v2
cf-grid-v2/CANESM5/ssp126/solar/R04C04,CANESM5,ssp126,solar,R04C04,final,32,32,32,0,0,True,2026-10-01T01:02:55+08:00,/work/share/aczlvkl1ac/bcsd_runs/production_v2
cf-grid-v2/CANESM5/ssp126/solar/R04C05,CANESM5,ssp126,solar,R04C05,final,32,32,32,0,0,True,2026-10-01T01:02:55+08:00,/work/share/aczlvkl1ac/bcsd_runs/production_v2
cf-grid-v2/CANESM5/ssp126/solar/R04C07,CANESM5,ssp126,solar,R04C07,final,32,32,32,0,0,True,2026-10-01T01:02:55+08:00,/work/share/aczlvkl1ac/bcsd_runs/production_v2
cf-grid-v2/CANESM5/ssp126/solar/R04C08,CANESM5,ssp126,solar,R04C08,final,32,32,32,0,0,True,2026-10-01T01:02:55+08:00,/work/share/aczlvkl1ac/bcsd_runs/production_v2
cf-grid-v2/CANESM5/ssp126/solar/R04C10,CANESM5,ssp126,solar,R04C10,final,32,32,32,0,0,True,2026-10-01T01:02:55+08:00,/work/share/aczlvkl1ac/bcsd_runs/production_v2
cf-grid-v2/CANESM5/ssp126/solar/R04C11,CANESM5,ssp126,solar,R04C11,final,32,32,32,0,0,True,2026-10-01T01:02:55+08:00,/work/share/aczlvkl1ac/bcsd_runs/production_v2
cf-grid-v2/CANESM5/ssp126/solar/R04C12,CANESM5,ssp126,solar,R04C12,final,32,32,32,0,0,True,2026-10-01T01:02:55+08:00,/work/share/aczlvkl1ac/bcsd_runs/production_v2
cf-grid-v2/CANESM5/ssp126/solar/R05C04,CANESM5,ssp126,solar,R05C04,final,32,32,32,0,0,True,2026-10-01T01:02:55+08:00,/work/share/aczlvkl1ac/bcsd_runs/production_v2
cf-grid-v2/CANESM5/ssp126/solar/R05C05,CANESM5,ssp126,solar,R05C05,final,32,32,32,0,0,True,2026-10-01T01:02:55+08:00,/work/share/aczlvkl1ac/bcsd_runs/production_v2
cf-grid-v2/CANESM5/ssp126/solar/R05C07,CANESM5,ssp126,solar,R05C07,final,32,32,32,0,0,True,2026-10-01T01:02:55+08:00,/work/share/aczlvkl1ac/bcsd_runs/production_v2
cf-grid-v2/CANESM5/ssp126/solar/R05C08,CANESM5,ssp126,solar,R05C08,final,32,32,32,0,0,True,2026-10-01T01:02:55+08:00,/work/share/aczlvkl1ac/bcsd_runs/production_v2
cf-grid-v2/CANESM5/ssp126/solar/R05C10,CANESM5,ssp126,solar,R05C10,final,32,32,32,0,0,True,2026-10-01T01:02:55+08:00,/work/share/aczlvkl1ac/bcsd_runs/production_v2
cf-grid-v2/CANESM5/ssp126/solar/R05C11,CANESM5,ssp126,solar,R05C11,final,32,32,32,0,0,True,2026-10-01T01:02:55+08:00,/work/share/aczlvkl1ac/bcsd_runs/production_v2
cf-grid-v2/CANESM5/ssp126/solar/R05C12,CANESM5,ssp126,solar,R05C12,final,32,32,32,0,0,True,2026-10-01T01:02:55+08:00,/work/share/aczlvkl1ac/bcsd_runs/production_v2
cf-grid-v2/CANESM5/ssp245/wind/R01C01,CANESM5,ssp245,wind,R01C01,final,16,16,16,0,0,True,2026-10-01T01:02:55+08:00,/work/share/aczlvkl1ac/bcsd_runs/production_v2
cf-grid-v2/CANESM5/ssp245/wind/R01C02,CANESM5,ssp245,wind,R01C02,final,16,16,16,0,0,True,2026-10-01T01:02:55+08:00,/work/share/aczlvkl1ac/bcsd_runs/production_v2
cf-grid-v2/CANESM5/ssp245/wind/R01C03,CANESM5,ssp245,wind,R01C03,final,16,16,16,0,0,True,2026-10-01T01:02:55+08:00,/work/share/aczlvkl1ac/bcsd_runs/production_v2
cf-grid-v2/CANESM5/ssp245/wind/R01C04,CANESM5,ssp245,wind,R01C04,final,16,16,16,0,0,True,2026-10-01T01:02:55+08:00,/work/share/aczlvkl1ac/bcsd_runs/production_v2
cf-grid-v2/CANESM5/ssp245/wind/R01C05,CANESM5,ssp245,wind,R01C05,final,16,16,16,0,0,True,2026-10-01T01:02:55+08:00,/work/share/aczlvkl1ac/bcsd_runs/production_v2
cf-grid-v2/CANESM5/ssp245/wind/R01C06,CANESM5,ssp245,wind,R01C06,final,16,16,16,0,0,True,2026-10-01T01:02:55+08:00,/work/share/aczlvkl1ac/bcsd_runs/production_v2
cf-grid-v2/CANESM5/ssp245/wind/R01C07,CANESM5,ssp245,wind,R01C07,final,16,16,16,0,0,True,2026-10-01T01:02:55+08:00,/work/share/aczlvkl1ac/bcsd_runs/production_v2
cf-grid-v2/CANESM5/ssp245/wind/R01C08,CANESM5,ssp245,wind,R01C08,final,16,16,16,0,0,True,2026-10-01T01:02:55+08:00,/work/share/aczlvkl1ac/bcsd_runs/production_v2
cf-grid-v2/CANESM5/ssp245/wind/R01C09,CANESM5,ssp245,wind,R01C09,final,16,16,16,0,0,True,2026-10-01T01:02:55+08:00,/work/share/aczlvkl1ac/bcsd_runs/production_v2
cf-grid-v2/CANESM5/ssp245/wind/R01C10,CANESM5,ssp245,wind,R01C10,final,16,16,16,0,0,True,2026-10-01T01:02:55+08:00,/work/share/aczlvkl1ac/bcsd_runs/production_v2
cf-grid-v2/CANESM5/ssp245/wind/R01C11,CANESM5,ssp245,wind,R01C11,final,16,16,16,0,0,True,2026-10-01T01:02:55+08:00,/work/share/aczlvkl1ac/bcsd_runs/production_v2
cf-grid-v2/CANESM5/ssp245/wind/R01C12,CANESM5,ssp245,wind,R01C12,final,16,16,16,0,0,True,2026-10-01T01:02:55+08:00,/work/share/aczlvkl1ac/bcsd_runs/production_v2
cf-grid-v2/CANESM5/ssp245/wind/R02C01,CANESM5,ssp245,wind,R02C01,final,16,16,16,0,0,True,2026-10-01T01:02:55+08:00,/work/share/aczlvkl1ac/bcsd_runs/production_v2
cf-grid-v2/CANESM5/ssp245/wind/R02C02,CANESM5,ssp245,wind,R02C02,final,16,16,16,0,0,True,2026-10-01T01:02:55+08:00,/work/share/aczlvkl1ac/bcsd_runs/production_v2
cf-grid-v2/CANESM5/ssp245/wind/R02C03,CANESM5,ssp245,wind,R02C03,final,16,16,16,0,0,True,2026-10-01T01:02:55+08:00,/work/share/aczlvkl1ac/bcsd_runs/production_v2
cf-grid-v2/CANESM5/ssp245/wind/R02C04,CANESM5,ssp245,wind,R02C04,final,16,16,16,0,0,True,2026-10-01T01:02:55+08:00,/work/share/aczlvkl1ac/bcsd_runs/production_v2
cf-grid-v2/CANESM5/ssp245/wind/R02C05,CANESM5,ssp245,wind,R02C05,final,16,16,16,0,0,True,2026-10-01T01:02:55+08:00,/work/share/aczlvkl1ac/bcsd_runs/production_v2
cf-grid-v2/CANESM5/ssp245/wind/R02C06,CANESM5,ssp245,wind,R02C06,final,16,16,16,0,0,True,2026-10-01T01:02:55+08:00,/work/share/aczlvkl1ac/bcsd_runs/production_v2
cf-grid-v2/CANESM5/ssp245/wind/R02C07,CANESM5,ssp245,wind,R02C07,final,16,16,16,0,0,True,2026-10-01T01:02:55+08:00,/work/share/aczlvkl1ac/bcsd_runs/production_v2
cf-grid-v2/CANESM5/ssp245/wind/R02C08,CANESM5,ssp245,wind,R02C08,final,16,16,16,0,0,True,2026-10-01T01:02:55+08:00,/work/share/aczlvkl1ac/bcsd_runs/production_v2
cf-grid-v2/CANESM5/ssp245/wind/R02C09,CANESM5,ssp245,wind,R02C09,final,16,16,16,0,0,True,2026-10-01T01:02:55+08:00,/work/share/aczlvkl1ac/bcsd_runs/production_v2
cf-grid-v2/CANESM5/ssp245/wind/R02C10,CANESM5,ssp245,wind,R02C10,final,16,16,16,0,0,True,2026-10-01T01:02:55+08:00,/work/share/aczlvkl1ac/bcsd_runs/production_v2
cf-grid-v2/CANESM5/ssp245/wind/R02C11,CANESM5,ssp245,wind,R02C11,final,16,16,16,0,0,True,2026-10-01T01:02:55+08:00,/work/share/aczlvkl1ac/bcsd_runs/production_v2
cf-grid-v2/CANESM5/ssp245/wind/R02C12,CANESM5,ssp245,wind,R02C12,final,16,16,16,0,0,True,2026-10-01T01:02:55+08:00,/work/share/aczlvkl1ac/bcsd_runs/production_v2
cf-grid-v2/CANESM5/ssp245/wind/R03C03,CANESM5,ssp245,wind,R03C03,final,16,16,16,0,0,True,2026-10-01T01:02:55+08:00,/work/share/aczlvkl1ac/bcsd_runs/production_v2
cf-grid-v2/CANESM5/ssp245/wind/R03C04,CANESM5,ssp245,wind,R03C04,final,16,16,16,0,0,True,2026-10-01T01:02:55+08:00,/work/share/aczlvkl1ac/bcsd_runs/production_v2
cf-grid-v2/CANESM5/ssp245/wind/R03C05,CANESM5,ssp245,wind,R03C05,final,16,16,16,0,0,True,2026-10-01T01:02:55+08:00,/work/share/aczlvkl1ac/bcsd_runs/production_v2
cf-grid-v2/CANESM5/ssp245/wind/R03C06,CANESM5,ssp245,wind,R03C06,final,16,16,16,0,0,True,2026-10-01T01:02:55+08:00,/work/share/aczlvkl1ac/bcsd_runs/production_v2
cf-grid-v2/CANESM5/ssp245/wind/R03C07,CANESM5,ssp245,wind,R03C07,final,16,16,16,0,0,True,2026-10-01T01:02:55+08:00,/work/share/aczlvkl1ac/bcsd_runs/production_v2
cf-grid-v2/CANESM5/ssp245/wind/R03C08,CANESM5,ssp245,wind,R03C08,final,16,16,16,0,0,True,2026-10-01T01:02:55+08:00,/work/share/aczlvkl1ac/bcsd_runs/production_v2
cf-grid-v2/CANESM5/ssp245/wind/R03C09,CANESM5,ssp245,wind,R03C09,final,16,16,16,0,0,True,2026-10-01T01:02:55+08:00,/work/share/aczlvkl1ac/bcsd_runs/production_v2
cf-grid-v2/CANESM5/ssp245/wind/R03C10,CANESM5,ssp245,wind,R03C10,final,16,16,16,0,0,True,2026-10-01T01:02:55+08:00,/work/share/aczlvkl1ac/bcsd_runs/production_v2
cf-grid-v2/CANESM5/ssp245/wind/R03C11,CANESM5,ssp245,wind,R03C11,final,16,16,16,0,0,True,2026-10-01T01:02:55+08:00,/work/share/aczlvkl1ac/bcsd_runs/production_v2
cf-grid-v2/CANESM5/ssp245/wind/R04C04,CANESM5,ssp245,wind,R04C04,final,16,16,16,0,0,True,2026-10-01T01:02:55+08:00,/work/share/aczlvkl1ac/bcsd_runs/production_v2
cf-grid-v2/CANESM5/ssp245/wind/R04C05,CANESM5,ssp245,wind,R04C05,final,16,16,16,0,0,True,2026-10-01T01:02:55+08:00,/work/share/aczlvkl1ac/bcsd_runs/production_v2
cf-grid-v2/CANESM5/ssp245/wind/R04C07,CANESM5,ssp245,wind,R04C07,final,16,16,16,0,0,True,2026-10-01T01:02:55+08:00,/work/share/aczlvkl1ac/bcsd_runs/production_v2
cf-grid-v2/CANESM5/ssp245/wind/R04C08,CANESM5,ssp245,wind,R04C08,final,16,16,16,0,0,True,2026-10-01T01:02:55+08:00,/work/share/aczlvkl1ac/bcsd_runs/production_v2
cf-grid-v2/CANESM5/ssp245/wind/R04C10,CANESM5,ssp245,wind,R04C10,final,16,16,16,0,0,True,2026-10-01T01:02:55+08:00,/work/share/aczlvkl1ac/bcsd_runs/production_v2
cf-grid-v2/CANESM5/ssp245/wind/R04C11,CANESM5,ssp245,wind,R04C11,final,16,16,16,0,0,True,2026-10-01T01:02:55+08:00,/work/share/aczlvkl1ac/bcsd_runs/production_v2
cf-grid-v2/CANESM5/ssp245/wind/R04C12,CANESM5,ssp245,wind,R04C12,final,16,16,16,0,0,True,2026-10-01T01:02:55+08:00,/work/share/aczlvkl1ac/bcsd_runs/production_v2
cf-grid-v2/CANESM5/ssp245/wind/R05C04,CANESM5,ssp245,wind,R05C04,final,16,16,16,0,0,True,2026-10-01T01:02:55+08:00,/work/share/aczlvkl1ac/bcsd_runs/production_v2
cf-grid-v2/CANESM5/ssp245/wind/R05C05,CANESM5,ssp245,wind,R05C05,final,16,16,16,0,0,True,2026-10-01T01:02:55+08:00,/work/share/aczlvkl1ac/bcsd_runs/production_v2
cf-grid-v2/CANESM5/ssp245/wind/R05C07,CANESM5,ssp245,wind,R05C07,final,16,16,16,0,0,True,2026-10-01T01:02:55+08:00,/work/share/aczlvkl1ac/bcsd_runs/production_v2
cf-grid-v2/CANESM5/ssp245/wind/R05C08,CANESM5,ssp245,wind,R05C08,final,16,16,16,0,0,True,2026-10-01T01:02:55+08:00,/work/share/aczlvkl1ac/bcsd_runs/production_v2
cf-grid-v2/CANESM5/ssp245/wind/R05C10,CANESM5,ssp245,wind,R05C10,final,16,16,16,0,0,True,2026-10-01T01:02:55+08:00,/work/share/aczlvkl1ac/bcsd_runs/production_v2
cf-grid-v2/CANESM5/ssp245/wind/R05C11,CANESM5,ssp245,wind,R05C11,final,16,16,16,0,0,True,2026-10-01T01:02:55+08:00,/work/share/aczlvkl1ac/bcsd_runs/production_v2
cf-grid-v2/CANESM5/ssp245/wind/R05C12,CANESM5,ssp245,wind,R05C12,final,16,16,16,0,0,True,2026-10-01T01:02:55+08:00,/work/share/aczlvkl1ac/bcsd_runs/production_v2
cf-grid-v2/CANESM5/ssp245/solar/R01C01,CANESM5,ssp245,solar,R01C01,final,32,32,32,0,0,True,2026-10-01T01:02:55+08:00,/work/share/aczlvkl1ac/bcsd_runs/production_v2
cf-grid-v2/CANESM5/ssp245/solar/R01C02,CANESM5,ssp245,solar,R01C02,final,32,32,32,0,0,True,2026-10-01T01:02:55+08:00,/work/share/aczlvkl1ac/bcsd_runs/production_v2
cf-grid-v2/CANESM5/ssp245/solar/R01C03,CANESM5,ssp245,solar,R01C03,final,32,32,32,0,0,True,2026-10-01T01:02:55+08:00,/work/share/aczlvkl1ac/bcsd_runs/production_v2
cf-grid-v2/CANESM5/ssp245/solar/R01C04,CANESM5,ssp245,solar,R01C04,final,32,32,32,0,0,True,2026-10-01T01:02:55+08:00,/work/share/aczlvkl1ac/bcsd_runs/production_v2
cf-grid-v2/CANESM5/ssp245/solar/R01C05,CANESM5,ssp245,solar,R01C05,final,32,32,32,0,0,True,2026-10-01T01:02:55+08:00,/work/share/aczlvkl1ac/bcsd_runs/production_v2
cf-grid-v2/CANESM5/ssp245/solar/R01C06,CANESM5,ssp245,solar,R01C06,final,32,32,32,0,0,True,2026-10-01T01:02:55+08:00,/work/share/aczlvkl1ac/bcsd_runs/production_v2
cf-grid-v2/CANESM5/ssp245/solar/R01C07,CANESM5,ssp245,solar,R01C07,final,32,32,32,0,0,True,2026-10-01T01:02:55+08:00,/work/share/aczlvkl1ac/bcsd_runs/production_v2
cf-grid-v2/CANESM5/ssp245/solar/R01C08,CANESM5,ssp245,solar,R01C08,final,32,32,32,0,0,True,2026-10-01T01:02:55+08:00,/work/share/aczlvkl1ac/bcsd_runs/production_v2
cf-grid-v2/CANESM5/ssp245/solar/R01C09,CANESM5,ssp245,solar,R01C09,final,32,32,32,0,0,True,2026-10-01T01:02:55+08:00,/work/share/aczlvkl1ac/bcsd_runs/production_v2
cf-grid-v2/CANESM5/ssp245/solar/R01C10,CANESM5,ssp245,solar,R01C10,final,32,32,32,0,0,True,2026-10-01T01:02:55+08:00,/work/share/aczlvkl1ac/bcsd_runs/production_v2
cf-grid-v2/CANESM5/ssp245/solar/R01C11,CANESM5,ssp245,solar,R01C11,final,32,32,32,0,0,True,2026-10-01T01:02:55+08:00,/work/share/aczlvkl1ac/bcsd_runs/production_v2
cf-grid-v2/CANESM5/ssp245/solar/R01C12,CANESM5,ssp245,solar,R01C12,final,32,32,32,0,0,True,2026-10-01T01:02:55+08:00,/work/share/aczlvkl1ac/bcsd_runs/production_v2
cf-grid-v2/CANESM5/ssp245/solar/R02C01,CANESM5,ssp245,solar,R02C01,final,32,32,32,0,0,True,2026-10-01T01:02:55+08:00,/work/share/aczlvkl1ac/bcsd_runs/production_v2
cf-grid-v2/CANESM5/ssp245/solar/R02C02,CANESM5,ssp245,solar,R02C02,final,32,32,32,0,0,True,2026-10-01T01:02:55+08:00,/work/share/aczlvkl1ac/bcsd_runs/production_v2
cf-grid-v2/CANESM5/ssp245/solar/R02C03,CANESM5,ssp245,solar,R02C03,final,32,32,32,0,0,True,2026-10-01T01:02:55+08:00,/work/share/aczlvkl1ac/bcsd_runs/production_v2
cf-grid-v2/CANESM5/ssp245/solar/R02C04,CANESM5,ssp245,solar,R02C04,final,32,32,32,0,0,True,2026-10-01T01:02:55+08:00,/work/share/aczlvkl1ac/bcsd_runs/production_v2
cf-grid-v2/CANESM5/ssp245/solar/R02C05,CANESM5,ssp245,solar,R02C05,final,32,32,32,0,0,True,2026-10-01T01:02:55+08:00,/work/share/aczlvkl1ac/bcsd_runs/production_v2
cf-grid-v2/CANESM5/ssp245/solar/R02C06,CANESM5,ssp245,solar,R02C06,final,32,32,32,0,0,True,2026-10-01T01:02:55+08:00,/work/share/aczlvkl1ac/bcsd_runs/production_v2
cf-grid-v2/CANESM5/ssp245/solar/R02C07,CANESM5,ssp245,solar,R02C07,final,32,32,32,0,0,True,2026-10-01T01:02:55+08:00,/work/share/aczlvkl1ac/bcsd_runs/production_v2
cf-grid-v2/CANESM5/ssp245/solar/R02C08,CANESM5,ssp245,solar,R02C08,final,32,32,32,0,0,True,2026-10-01T01:02:55+08:00,/work/share/aczlvkl1ac/bcsd_runs/production_v2
cf-grid-v2/CANESM5/ssp245/solar/R02C09,CANESM5,ssp245,solar,R02C09,final,32,32,32,0,0,True,2026-10-01T01:02:55+08:00,/work/share/aczlvkl1ac/bcsd_runs/production_v2
cf-grid-v2/CANESM5/ssp245/solar/R02C10,CANESM5,ssp245,solar,R02C10,final,32,32,32,0,0,True,2026-10-01T01:02:55+08:00,/work/share/aczlvkl1ac/bcsd_runs/production_v2
cf-grid-v2/CANESM5/ssp245/solar/R02C11,CANESM5,ssp245,solar,R02C11,final,32,32,32,0,0,True,2026-10-01T01:02:55+08:00,/work/share/aczlvkl1ac/bcsd_runs/production_v2
cf-grid-v2/CANESM5/ssp245/solar/R02C12,CANESM5,ssp245,solar,R02C12,final,32,32,32,0,0,True,2026-10-01T01:02:55+08:00,/work/share/aczlvkl1ac/bcsd_runs/production_v2
cf-grid-v2/CANESM5/ssp245/solar/R03C03,CANESM5,ssp245,solar,R03C03,final,32,32,32,0,0,True,2026-10-01T01:02:55+08:00,/work/share/aczlvkl1ac/bcsd_runs/production_v2
cf-grid-v2/CANESM5/ssp245/solar/R03C04,CANESM5,ssp245,solar,R03C04,final,32,32,32,0,0,True,2026-10-01T01:02:55+08:00,/work/share/aczlvkl1ac/bcsd_runs/production_v2
cf-grid-v2/CANESM5/ssp245/solar/R03C05,CANESM5,ssp245,solar,R03C05,final,32,32,32,0,0,True,2026-10-01T01:02:55+08:00,/work/share/aczlvkl1ac/bcsd_runs/production_v2
cf-grid-v2/CANESM5/ssp245/solar/R03C06,CANESM5,ssp245,solar,R03C06,final,32,32,32,0,0,True,2026-10-01T01:02:55+08:00,/work/share/aczlvkl1ac/bcsd_runs/production_v2
cf-grid-v2/CANESM5/ssp245/solar/R03C07,CANESM5,ssp245,solar,R03C07,final,32,32,32,0,0,True,2026-10-01T01:02:55+08:00,/work/share/aczlvkl1ac/bcsd_runs/production_v2
cf-grid-v2/CANESM5/ssp245/solar/R03C08,CANESM5,ssp245,solar,R03C08,final,32,32,32,0,0,True,2026-10-01T01:02:55+08:00,/work/share/aczlvkl1ac/bcsd_runs/production_v2
cf-grid-v2/CANESM5/ssp245/solar/R03C09,CANESM5,ssp245,solar,R03C09,final,32,32,32,0,0,True,2026-10-01T01:02:55+08:00,/work/share/aczlvkl1ac/bcsd_runs/production_v2
cf-grid-v2/CANESM5/ssp245/solar/R03C10,CANESM5,ssp245,solar,R03C10,final,32,32,32,0,0,True,2026-10-01T01:02:55+08:00,/work/share/aczlvkl1ac/bcsd_runs/production_v2
cf-grid-v2/CANESM5/ssp245/solar/R03C11,CANESM5,ssp245,solar,R03C11,final,32,32,32,0,0,True,2026-10-01T01:02:55+08:00,/work/share/aczlvkl1ac/bcsd_runs/production_v2
cf-grid-v2/CANESM5/ssp245/solar/R04C04,CANESM5,ssp245,solar,R04C04,final,32,32,32,0,0,True,2026-10-01T01:02:55+08:00,/work/share/aczlvkl1ac/bcsd_runs/production_v2
cf-grid-v2/CANESM5/ssp245/solar/R04C05,CANESM5,ssp245,solar,R04C05,final,32,32,32,0,0,True,2026-10-01T01:02:55+08:00,/work/share/aczlvkl1ac/bcsd_runs/production_v2
cf-grid-v2/CANESM5/ssp245/solar/R04C07,CANESM5,ssp245,solar,R04C07,final,32,32,32,0,0,True,2026-10-01T01:02:55+08:00,/work/share/aczlvkl1ac/bcsd_runs/production_v2
cf-grid-v2/CANESM5/ssp245/solar/R04C08,CANESM5,ssp245,solar,R04C08,final,32,32,32,0,0,True,2026-10-01T01:02:55+08:00,/work/share/aczlvkl1ac/bcsd_runs/production_v2
cf-grid-v2/CANESM5/ssp245/solar/R04C10,CANESM5,ssp245,solar,R04C10,final,32,32,32,0,0,True,2026-10-01T01:02:55+08:00,/work/share/aczlvkl1ac/bcsd_runs/production_v2
cf-grid-v2/CANESM5/ssp245/solar/R04C11,CANESM5,ssp245,solar,R04C11,final,32,32,32,0,0,True,2026-10-01T01:02:55+08:00,/work/share/aczlvkl1ac/bcsd_runs/production_v2
cf-grid-v2/CANESM5/ssp245/solar/R04C12,CANESM5,ssp245,solar,R04C12,final,32,32,32,0,0,True,2026-10-01T01:02:55+08:00,/work/share/aczlvkl1ac/bcsd_runs/production_v2
cf-grid-v2/CANESM5/ssp245/solar/R05C04,CANESM5,ssp245,solar,R05C04,final,32,32,32,0,0,True,2026-10-01T01:02:55+08:00,/work/share/aczlvkl1ac/bcsd_runs/production_v2
cf-grid-v2/CANESM5/ssp245/solar/R05C05,CANESM5,ssp245,solar,R05C05,final,32,32,32,0,0,True,2026-10-01T01:02:55+08:00,/work/share/aczlvkl1ac/bcsd_runs/production_v2
cf-grid-v2/CANESM5/ssp245/solar/R05C07,CANESM5,ssp245,solar,R05C07,final,32,32,32,0,0,True,2026-10-01T01:02:55+08:00,/work/share/aczlvkl1ac/bcsd_runs/production_v2
cf-grid-v2/CANESM5/ssp245/solar/R05C08,CANESM5,ssp245,solar,R05C08,final,32,32,32,0,0,True,2026-10-01T01:02:55+08:00,/work/share/aczlvkl1ac/bcsd_runs/production_v2
cf-grid-v2/CANESM5/ssp245/solar/R05C10,CANESM5,ssp245,solar,R05C10,final,32,32,32,0,0,True,2026-10-01T01:02:55+08:00,/work/share/aczlvkl1ac/bcsd_runs/production_v2
cf-grid-v2/CANESM5/ssp245/solar/R05C11,CANESM5,ssp245,solar,R05C11,final,32,32,32,0,0,True,2026-10-01T01:02:55+08:00,/work/share/aczlvkl1ac/bcsd_runs/production_v2
cf-grid-v2/CANESM5/ssp245/solar/R05C12,CANESM5,ssp245,solar,R05C12,final,32,32,32,0,0,True,2026-10-01T01:02:55+08:00,/work/share/aczlvkl1ac/bcsd_runs/production_v2
cf-grid-v2/CANESM5/ssp585/wind/R01C01,CANESM5,ssp585,wind,R01C01,final,16,16,16,0,0,True,2026-10-01T01:02:55+08:00,/work/share/aczlvkl1ac/bcsd_runs/production_v2
cf-grid-v2/CANESM5/ssp585/wind/R01C02,CANESM5,ssp585,wind,R01C02,final,16,16,16,0,0,True,2026-10-01T01:02:55+08:00,/work/share/aczlvkl1ac/bcsd_runs/production_v2
cf-grid-v2/CANESM5/ssp585/wind/R01C03,CANESM5,ssp585,wind,R01C03,final,16,16,16,0,0,True,2026-10-01T01:02:55+08:00,/work/share/aczlvkl1ac/bcsd_runs/production_v2
cf-grid-v2/CANESM5/ssp585/wind/R01C04,CANESM5,ssp585,wind,R01C04,final,16,16,16,0,0,True,2026-10-01T01:02:55+08:00,/work/share/aczlvkl1ac/bcsd_runs/production_v2
cf-grid-v2/CANESM5/ssp585/wind/R01C05,CANESM5,ssp585,wind,R01C05,final,16,16,16,0,0,True,2026-10-01T01:02:55+08:00,/work/share/aczlvkl1ac/bcsd_runs/production_v2
cf-grid-v2/CANESM5/ssp585/wind/R01C06,CANESM5,ssp585,wind,R01C06,final,16,16,16,0,0,True,2026-10-01T01:02:55+08:00,/work/share/aczlvkl1ac/bcsd_runs/production_v2
cf-grid-v2/CANESM5/ssp585/wind/R01C07,CANESM5,ssp585,wind,R01C07,final,16,16,16,0,0,True,2026-10-01T01:02:55+08:00,/work/share/aczlvkl1ac/bcsd_runs/production_v2
cf-grid-v2/CANESM5/ssp585/wind/R01C08,CANESM5,ssp585,wind,R01C08,final,16,16,16,0,0,True,2026-10-01T01:02:55+08:00,/work/share/aczlvkl1ac/bcsd_runs/production_v2
cf-grid-v2/CANESM5/ssp585/wind/R01C09,CANESM5,ssp585,wind,R01C09,final,16,16,16,0,0,True,2026-10-01T01:02:55+08:00,/work/share/aczlvkl1ac/bcsd_runs/production_v2
cf-grid-v2/CANESM5/ssp585/wind/R01C10,CANESM5,ssp585,wind,R01C10,final,16,16,16,0,0,True,2026-10-01T01:02:55+08:00,/work/share/aczlvkl1ac/bcsd_runs/production_v2
cf-grid-v2/CANESM5/ssp585/wind/R01C11,CANESM5,ssp585,wind,R01C11,final,16,16,16,0,0,True,2026-10-01T01:02:55+08:00,/work/share/aczlvkl1ac/bcsd_runs/production_v2
cf-grid-v2/CANESM5/ssp585/wind/R01C12,CANESM5,ssp585,wind,R01C12,final,16,16,16,0,0,True,2026-10-01T01:02:55+08:00,/work/share/aczlvkl1ac/bcsd_runs/production_v2
cf-grid-v2/CANESM5/ssp585/wind/R02C01,CANESM5,ssp585,wind,R02C01,final,16,16,16,0,0,True,2026-10-01T01:02:55+08:00,/work/share/aczlvkl1ac/bcsd_runs/production_v2
cf-grid-v2/CANESM5/ssp585/wind/R02C02,CANESM5,ssp585,wind,R02C02,final,16,16,16,0,0,True,2026-10-01T01:02:55+08:00,/work/share/aczlvkl1ac/bcsd_runs/production_v2
cf-grid-v2/CANESM5/ssp585/wind/R02C03,CANESM5,ssp585,wind,R02C03,final,16,16,16,0,0,True,2026-10-01T01:02:55+08:00,/work/share/aczlvkl1ac/bcsd_runs/production_v2
cf-grid-v2/CANESM5/ssp585/wind/R02C04,CANESM5,ssp585,wind,R02C04,final,16,16,16,0,0,True,2026-10-01T01:02:55+08:00,/work/share/aczlvkl1ac/bcsd_runs/production_v2
cf-grid-v2/CANESM5/ssp585/wind/R02C05,CANESM5,ssp585,wind,R02C05,final,16,16,16,0,0,True,2026-10-01T01:02:55+08:00,/work/share/aczlvkl1ac/bcsd_runs/production_v2
cf-grid-v2/CANESM5/ssp585/wind/R02C06,CANESM5,ssp585,wind,R02C06,final,16,16,16,0,0,True,2026-10-01T01:02:55+08:00,/work/share/aczlvkl1ac/bcsd_runs/production_v2
cf-grid-v2/CANESM5/ssp585/wind/R02C07,CANESM5,ssp585,wind,R02C07,final,16,16,16,0,0,True,2026-10-01T01:02:55+08:00,/work/share/aczlvkl1ac/bcsd_runs/production_v2
cf-grid-v2/CANESM5/ssp585/wind/R02C08,CANESM5,ssp585,wind,R02C08,final,16,16,16,0,0,True,2026-10-01T01:02:55+08:00,/work/share/aczlvkl1ac/bcsd_runs/production_v2
cf-grid-v2/CANESM5/ssp585/wind/R02C09,CANESM5,ssp585,wind,R02C09,final,16,16,16,0,0,True,2026-10-01T01:02:55+08:00,/work/share/aczlvkl1ac/bcsd_runs/production_v2
cf-grid-v2/CANESM5/ssp585/wind/R02C10,CANESM5,ssp585,wind,R02C10,final,16,16,16,0,0,True,2026-10-01T01:02:55+08:00,/work/share/aczlvkl1ac/bcsd_runs/production_v2
cf-grid-v2/CANESM5/ssp585/wind/R02C11,CANESM5,ssp585,wind,R02C11,final,16,16,16,0,0,True,2026-10-01T01:02:55+08:00,/work/share/aczlvkl1ac/bcsd_runs/production_v2
cf-grid-v2/CANESM5/ssp585/wind/R02C12,CANESM5,ssp585,wind,R02C12,final,16,16,16,0,0,True,2026-10-01T01:02:55+08:00,/work/share/aczlvkl1ac/bcsd_runs/production_v2
cf-grid-v2/CANESM5/ssp585/wind/R03C03,CANESM5,ssp585,wind,R03C03,final,16,16,16,0,0,True,2026-10-01T01:02:55+08:00,/work/share/aczlvkl1ac/bcsd_runs/production_v2
cf-grid-v2/CANESM5/ssp585/wind/R03C04,CANESM5,ssp585,wind,R03C04,final,16,16,16,0,0,True,2026-10-01T01:02:55+08:00,/work/share/aczlvkl1ac/bcsd_runs/production_v2
cf-grid-v2/CANESM5/ssp585/wind/R03C05,CANESM5,ssp585,wind,R03C05,final,16,16,16,0,0,True,2026-10-01T01:02:55+08:00,/work/share/aczlvkl1ac/bcsd_runs/production_v2
cf-grid-v2/CANESM5/ssp585/wind/R03C06,CANESM5,ssp585,wind,R03C06,final,16,16,16,0,0,True,2026-10-01T01:02:55+08:00,/work/share/aczlvkl1ac/bcsd_runs/production_v2
cf-grid-v2/CANESM5/ssp585/wind/R03C07,CANESM5,ssp585,wind,R03C07,final,16,16,16,0,0,True,2026-10-01T01:02:55+08:00,/work/share/aczlvkl1ac/bcsd_runs/production_v2
cf-grid-v2/CANESM5/ssp585/wind/R03C08,CANESM5,ssp585,wind,R03C08,final,16,16,16,0,0,True,2026-10-01T01:02:55+08:00,/work/share/aczlvkl1ac/bcsd_runs/production_v2
cf-grid-v2/CANESM5/ssp585/wind/R03C09,CANESM5,ssp585,wind,R03C09,final,16,16,16,0,0,True,2026-10-01T01:02:55+08:00,/work/share/aczlvkl1ac/bcsd_runs/production_v2
cf-grid-v2/CANESM5/ssp585/wind/R03C10,CANESM5,ssp585,wind,R03C10,final,16,16,16,0,0,True,2026-10-01T01:02:55+08:00,/work/share/aczlvkl1ac/bcsd_runs/production_v2
cf-grid-v2/CANESM5/ssp585/wind/R03C11,CANESM5,ssp585,wind,R03C11,final,16,16,16,0,0,True,2026-10-01T01:02:55+08:00,/work/share/aczlvkl1ac/bcsd_runs/production_v2
cf-grid-v2/CANESM5/ssp585/wind/R04C04,CANESM5,ssp585,wind,R04C04,final,16,16,16,0,0,True,2026-10-01T01:02:55+08:00,/work/share/aczlvkl1ac/bcsd_runs/production_v2
cf-grid-v2/CANESM5/ssp585/wind/R04C05,CANESM5,ssp585,wind,R04C05,final,16,16,16,0,0,True,2026-10-01T01:02:55+08:00,/work/share/aczlvkl1ac/bcsd_runs/production_v2
cf-grid-v2/CANESM5/ssp585/wind/R04C07,CANESM5,ssp585,wind,R04C07,final,16,16,16,0,0,True,2026-10-01T01:02:55+08:00,/work/share/aczlvkl1ac/bcsd_runs/production_v2
cf-grid-v2/CANESM5/ssp585/wind/R04C08,CANESM5,ssp585,wind,R04C08,final,16,16,16,0,0,True,2026-10-01T01:02:55+08:00,/work/share/aczlvkl1ac/bcsd_runs/production_v2
cf-grid-v2/CANESM5/ssp585/wind/R04C10,CANESM5,ssp585,wind,R04C10,final,16,16,16,0,0,True,2026-10-01T01:02:55+08:00,/work/share/aczlvkl1ac/bcsd_runs/production_v2
cf-grid-v2/CANESM5/ssp585/wind/R04C11,CANESM5,ssp585,wind,R04C11,final,16,16,16,0,0,True,2026-10-01T01:02:55+08:00,/work/share/aczlvkl1ac/bcsd_runs/production_v2
cf-grid-v2/CANESM5/ssp585/wind/R04C12,CANESM5,ssp585,wind,R04C12,final,16,16,16,0,0,True,2026-10-01T01:02:55+08:00,/work/share/aczlvkl1ac/bcsd_runs/production_v2
cf-grid-v2/CANESM5/ssp585/wind/R05C04,CANESM5,ssp585,wind,R05C04,final,16,16,16,0,0,True,2026-10-01T01:02:55+08:00,/work/share/aczlvkl1ac/bcsd_runs/production_v2
cf-grid-v2/CANESM5/ssp585/wind/R05C05,CANESM5,ssp585,wind,R05C05,final,16,16,16,0,0,True,2026-10-01T01:02:55+08:00,/work/share/aczlvkl1ac/bcsd_runs/production_v2
cf-grid-v2/CANESM5/ssp585/wind/R05C07,CANESM5,ssp585,wind,R05C07,final,16,16,16,0,0,True,2026-10-01T01:02:55+08:00,/work/share/aczlvkl1ac/bcsd_runs/production_v2
cf-grid-v2/CANESM5/ssp585/wind/R05C08,CANESM5,ssp585,wind,R05C08,final,16,16,16,0,0,True,2026-10-01T01:02:55+08:00,/work/share/aczlvkl1ac/bcsd_runs/production_v2
cf-grid-v2/CANESM5/ssp585/wind/R05C10,CANESM5,ssp585,wind,R05C10,final,16,16,16,0,0,True,2026-10-01T01:02:55+08:00,/work/share/aczlvkl1ac/bcsd_runs/production_v2
cf-grid-v2/CANESM5/ssp585/wind/R05C11,CANESM5,ssp585,wind,R05C11,final,16,16,16,0,0,True,2026-10-01T01:02:55+08:00,/work/share/aczlvkl1ac/bcsd_runs/production_v2
cf-grid-v2/CANESM5/ssp585/wind/R05C12,CANESM5,ssp585,wind,R05C12,final,16,16,16,0,0,True,2026-10-01T01:02:55+08:00,/work/share/aczlvkl1ac/bcsd_runs/production_v2
cf-grid-v2/CANESM5/ssp585/solar/R01C01,CANESM5,ssp585,solar,R01C01,final,32,32,32,0,0,True,2026-10-01T01:02:55+08:00,/work/share/aczlvkl1ac/bcsd_runs/production_v2
cf-grid-v2/CANESM5/ssp585/solar/R01C02,CANESM5,ssp585,solar,R01C02,final,32,32,32,0,0,True,2026-10-01T01:02:55+08:00,/work/share/aczlvkl1ac/bcsd_runs/production_v2
cf-grid-v2/CANESM5/ssp585/solar/R01C03,CANESM5,ssp585,solar,R01C03,final,32,32,32,0,0,True,2026-10-01T01:02:55+08:00,/work/share/aczlvkl1ac/bcsd_runs/production_v2
cf-grid-v2/CANESM5/ssp585/solar/R01C04,CANESM5,ssp585,solar,R01C04,final,32,32,32,0,0,True,2026-10-01T01:02:55+08:00,/work/share/aczlvkl1ac/bcsd_runs/production_v2
cf-grid-v2/CANESM5/ssp585/solar/R01C05,CANESM5,ssp585,solar,R01C05,final,32,32,32,0,0,True,2026-10-01T01:02:55+08:00,/work/share/aczlvkl1ac/bcsd_runs/production_v2
cf-grid-v2/CANESM5/ssp585/solar/R01C06,CANESM5,ssp585,solar,R01C06,final,32,32,32,0,0,True,2026-10-01T01:02:55+08:00,/work/share/aczlvkl1ac/bcsd_runs/production_v2
cf-grid-v2/CANESM5/ssp585/solar/R01C07,CANESM5,ssp585,solar,R01C07,final,32,32,32,0,0,True,2026-10-01T01:02:55+08:00,/work/share/aczlvkl1ac/bcsd_runs/production_v2
cf-grid-v2/CANESM5/ssp585/solar/R01C08,CANESM5,ssp585,solar,R01C08,final,32,32,32,0,0,True,2026-10-01T01:02:55+08:00,/work/share/aczlvkl1ac/bcsd_runs/production_v2
cf-grid-v2/CANESM5/ssp585/solar/R01C09,CANESM5,ssp585,solar,R01C09,final,32,32,32,0,0,True,2026-10-01T01:02:55+08:00,/work/share/aczlvkl1ac/bcsd_runs/production_v2
cf-grid-v2/CANESM5/ssp585/solar/R01C10,CANESM5,ssp585,solar,R01C10,final,32,32,32,0,0,True,2026-10-01T01:02:55+08:00,/work/share/aczlvkl1ac/bcsd_runs/production_v2
cf-grid-v2/CANESM5/ssp585/solar/R01C11,CANESM5,ssp585,solar,R01C11,final,32,32,32,0,0,True,2026-10-01T01:02:55+08:00,/work/share/aczlvkl1ac/bcsd_runs/production_v2
cf-grid-v2/CANESM5/ssp585/solar/R01C12,CANESM5,ssp585,solar,R01C12,final,32,32,32,0,0,True,2026-10-01T01:02:55+08:00,/work/share/aczlvkl1ac/bcsd_runs/production_v2
cf-grid-v2/CANESM5/ssp585/solar/R02C01,CANESM5,ssp585,solar,R02C01,final,32,32,32,0,0,True,2026-10-01T01:02:55+08:00,/work/share/aczlvkl1ac/bcsd_runs/production_v2
cf-grid-v2/CANESM5/ssp585/solar/R02C02,CANESM5,ssp585,solar,R02C02,final,32,32,32,0,0,True,2026-10-01T01:02:55+08:00,/work/share/aczlvkl1ac/bcsd_runs/production_v2
cf-grid-v2/CANESM5/ssp585/solar/R02C03,CANESM5,ssp585,solar,R02C03,final,32,32,32,0,0,True,2026-10-01T01:02:55+08:00,/work/share/aczlvkl1ac/bcsd_runs/production_v2
cf-grid-v2/CANESM5/ssp585/solar/R02C04,CANESM5,ssp585,solar,R02C04,final,32,32,32,0,0,True,2026-10-01T01:02:55+08:00,/work/share/aczlvkl1ac/bcsd_runs/production_v2
cf-grid-v2/CANESM5/ssp585/solar/R02C05,CANESM5,ssp585,solar,R02C05,final,32,32,32,0,0,True,2026-10-01T01:02:55+08:00,/work/share/aczlvkl1ac/bcsd_runs/production_v2
cf-grid-v2/CANESM5/ssp585/solar/R02C06,CANESM5,ssp585,solar,R02C06,final,32,32,32,0,0,True,2026-10-01T01:02:55+08:00,/work/share/aczlvkl1ac/bcsd_runs/production_v2
cf-grid-v2/CANESM5/ssp585/solar/R02C07,CANESM5,ssp585,solar,R02C07,final,32,32,32,0,0,True,2026-10-01T01:02:55+08:00,/work/share/aczlvkl1ac/bcsd_runs/production_v2
cf-grid-v2/CANESM5/ssp585/solar/R02C08,CANESM5,ssp585,solar,R02C08,final,32,32,32,0,0,True,2026-10-01T01:02:55+08:00,/work/share/aczlvkl1ac/bcsd_runs/production_v2
cf-grid-v2/CANESM5/ssp585/solar/R02C09,CANESM5,ssp585,solar,R02C09,final,32,32,32,0,0,True,2026-10-01T01:02:55+08:00,/work/share/aczlvkl1ac/bcsd_runs/production_v2
cf-grid-v2/CANESM5/ssp585/solar/R02C10,CANESM5,ssp585,solar,R02C10,final,32,32,32,0,0,True,2026-10-01T01:02:55+08:00,/work/share/aczlvkl1ac/bcsd_runs/production_v2
cf-grid-v2/CANESM5/ssp585/solar/R02C11,CANESM5,ssp585,solar,R02C11,final,32,32,32,0,0,True,2026-10-01T01:02:55+08:00,/work/share/aczlvkl1ac/bcsd_runs/production_v2
cf-grid-v2/CANESM5/ssp585/solar/R02C12,CANESM5,ssp585,solar,R02C12,final,32,32,32,0,0,True,2026-10-01T01:02:55+08:00,/work/share/aczlvkl1ac/bcsd_runs/production_v2
cf-grid-v2/CANESM5/ssp585/solar/R03C03,CANESM5,ssp585,solar,R03C03,final,32,32,32,0,0,True,2026-10-01T01:02:55+08:00,/work/share/aczlvkl1ac/bcsd_runs/production_v2
cf-grid-v2/CANESM5/ssp585/solar/R03C04,CANESM5,ssp585,solar,R03C04,final,32,32,32,0,0,True,2026-10-01T01:02:55+08:00,/work/share/aczlvkl1ac/bcsd_runs/production_v2
cf-grid-v2/CANESM5/ssp585/solar/R03C05,CANESM5,ssp585,solar,R03C05,final,32,32,32,0,0,True,2026-10-01T01:02:55+08:00,/work/share/aczlvkl1ac/bcsd_runs/production_v2
cf-grid-v2/CANESM5/ssp585/solar/R03C06,CANESM5,ssp585,solar,R03C06,final,32,32,32,0,0,True,2026-10-01T01:02:55+08:00,/work/share/aczlvkl1ac/bcsd_runs/production_v2
cf-grid-v2/CANESM5/ssp585/solar/R03C07,CANESM5,ssp585,solar,R03C07,final,32,32,32,0,0,True,2026-10-01T01:02:55+08:00,/work/share/aczlvkl1ac/bcsd_runs/production_v2
cf-grid-v2/CANESM5/ssp585/solar/R03C08,CANESM5,ssp585,solar,R03C08,final,32,32,32,0,0,True,2026-10-01T01:02:55+08:00,/work/share/aczlvkl1ac/bcsd_runs/production_v2
cf-grid-v2/CANESM5/ssp585/solar/R03C09,CANESM5,ssp585,solar,R03C09,final,32,32,32,0,0,True,2026-10-01T01:02:55+08:00,/work/share/aczlvkl1ac/bcsd_runs/production_v2
cf-grid-v2/CANESM5/ssp585/solar/R03C10,CANESM5,ssp585,solar,R03C10,final,32,32,32,0,0,True,2026-10-01T01:02:55+08:00,/work/share/aczlvkl1ac/bcsd_runs/production_v2
cf-grid-v2/CANESM5/ssp585/solar/R03C11,CANESM5,ssp585,solar,R03C11,final,32,32,32,0,0,True,2026-10-01T01:02:55+08:00,/work/share/aczlvkl1ac/bcsd_runs/production_v2
cf-grid-v2/CANESM5/ssp585/solar/R04C04,CANESM5,ssp585,solar,R04C04,final,32,32,32,0,0,True,2026-10-01T01:02:55+08:00,/work/share/aczlvkl1ac/bcsd_runs/production_v2
cf-grid-v2/CANESM5/ssp585/solar/R04C05,CANESM5,ssp585,solar,R04C05,final,32,32,32,0,0,True,2026-10-01T01:02:55+08:00,/work/share/aczlvkl1ac/bcsd_runs/production_v2
cf-grid-v2/CANESM5/ssp585/solar/R04C07,CANESM5,ssp585,solar,R04C07,final,32,32,32,0,0,True,2026-10-01T01:02:55+08:00,/work/share/aczlvkl1ac/bcsd_runs/production_v2
cf-grid-v2/CANESM5/ssp585/solar/R04C08,CANESM5,ssp585,solar,R04C08,final,32,32,32,0,0,True,2026-10-01T01:02:55+08:00,/work/share/aczlvkl1ac/bcsd_runs/production_v2
cf-grid-v2/CANESM5/ssp585/solar/R04C10,CANESM5,ssp585,solar,R04C10,final,32,32,32,0,0,True,2026-10-01T01:02:55+08:00,/work/share/aczlvkl1ac/bcsd_runs/production_v2
cf-grid-v2/CANESM5/ssp585/solar/R04C11,CANESM5,ssp585,solar,R04C11,final,32,32,32,0,0,True,2026-10-01T01:02:55+08:00,/work/share/aczlvkl1ac/bcsd_runs/production_v2
cf-grid-v2/CANESM5/ssp585/solar/R04C12,CANESM5,ssp585,solar,R04C12,final,32,32,32,0,0,True,2026-10-01T01:02:55+08:00,/work/share/aczlvkl1ac/bcsd_runs/production_v2
cf-grid-v2/CANESM5/ssp585/solar/R05C04,CANESM5,ssp585,solar,R05C04,final,32,32,32,0,0,True,2026-10-01T01:02:55+08:00,/work/share/aczlvkl1ac/bcsd_runs/production_v2
cf-grid-v2/CANESM5/ssp585/solar/R05C05,CANESM5,ssp585,solar,R05C05,final,32,32,32,0,0,True,2026-10-01T01:02:55+08:00,/work/share/aczlvkl1ac/bcsd_runs/production_v2
cf-grid-v2/CANESM5/ssp585/solar/R05C07,CANESM5,ssp585,solar,R05C07,final,32,32,32,0,0,True,2026-10-01T01:02:55+08:00,/work/share/aczlvkl1ac/bcsd_runs/production_v2
cf-grid-v2/CANESM5/ssp585/solar/R05C08,CANESM5,ssp585,solar,R05C08,final,32,32,32,0,0,True,2026-10-01T01:02:55+08:00,/work/share/aczlvkl1ac/bcsd_runs/production_v2
cf-grid-v2/CANESM5/ssp585/solar/R05C10,CANESM5,ssp585,solar,R05C10,final,32,32,32,0,0,True,2026-10-01T01:02:55+08:00,/work/share/aczlvkl1ac/bcsd_runs/production_v2
cf-grid-v2/CANESM5/ssp585/solar/R05C11,CANESM5,ssp585,solar,R05C11,final,32,32,32,0,0,True,2026-10-01T01:02:55+08:00,/work/share/aczlvkl1ac/bcsd_runs/production_v2
cf-grid-v2/CANESM5/ssp585/solar/R05C12,CANESM5,ssp585,solar,R05C12,final,32,32,32,0,0,True,2026-10-01T01:02:55+08:00,/work/share/aczlvkl1ac/bcsd_runs/production_v2
cf-grid-v2/MPI-ESM1-2-HR/ssp126/wind/R01C01,MPI-ESM1-2-HR,ssp126,wind,R01C01,final,16,16,16,0,0,True,2026-10-01T01:02:55+08:00,/work/share/aczlvkl1ac/bcsd_runs/production_v2
cf-grid-v2/MPI-ESM1-2-HR/ssp126/wind/R01C02,MPI-ESM1-2-HR,ssp126,wind,R01C02,final,16,16,16,0,0,True,2026-10-01T01:02:55+08:00,/work/share/aczlvkl1ac/bcsd_runs/production_v2
cf-grid-v2/MPI-ESM1-2-HR/ssp126/wind/R01C03,MPI-ESM1-2-HR,ssp126,wind,R01C03,final,16,16,16,0,0,True,2026-10-01T01:02:55+08:00,/work/share/aczlvkl1ac/bcsd_runs/production_v2
cf-grid-v2/MPI-ESM1-2-HR/ssp126/wind/R01C04,MPI-ESM1-2-HR,ssp126,wind,R01C04,final,16,16,16,0,0,True,2026-10-01T01:02:55+08:00,/work/share/aczlvkl1ac/bcsd_runs/production_v2
cf-grid-v2/MPI-ESM1-2-HR/ssp126/wind/R01C05,MPI-ESM1-2-HR,ssp126,wind,R01C05,final,16,16,16,0,0,True,2026-10-01T01:02:55+08:00,/work/share/aczlvkl1ac/bcsd_runs/production_v2
cf-grid-v2/MPI-ESM1-2-HR/ssp126/wind/R01C06,MPI-ESM1-2-HR,ssp126,wind,R01C06,final,16,16,16,0,0,True,2026-10-01T01:02:55+08:00,/work/share/aczlvkl1ac/bcsd_runs/production_v2
cf-grid-v2/MPI-ESM1-2-HR/ssp126/wind/R01C07,MPI-ESM1-2-HR,ssp126,wind,R01C07,final,16,16,16,0,0,True,2026-10-01T01:02:55+08:00,/work/share/aczlvkl1ac/bcsd_runs/production_v2
cf-grid-v2/MPI-ESM1-2-HR/ssp126/wind/R01C08,MPI-ESM1-2-HR,ssp126,wind,R01C08,final,16,16,16,0,0,True,2026-10-01T01:02:55+08:00,/work/share/aczlvkl1ac/bcsd_runs/production_v2
cf-grid-v2/MPI-ESM1-2-HR/ssp126/wind/R01C09,MPI-ESM1-2-HR,ssp126,wind,R01C09,final,16,16,16,0,0,True,2026-10-01T01:02:55+08:00,/work/share/aczlvkl1ac/bcsd_runs/production_v2
cf-grid-v2/MPI-ESM1-2-HR/ssp126/wind/R01C10,MPI-ESM1-2-HR,ssp126,wind,R01C10,final,16,16,16,0,0,True,2026-10-01T01:02:55+08:00,/work/share/aczlvkl1ac/bcsd_runs/production_v2
cf-grid-v2/MPI-ESM1-2-HR/ssp126/wind/R01C11,MPI-ESM1-2-HR,ssp126,wind,R01C11,final,16,16,16,0,0,True,2026-10-01T01:02:55+08:00,/work/share/aczlvkl1ac/bcsd_runs/production_v2
cf-grid-v2/MPI-ESM1-2-HR/ssp126/wind/R01C12,MPI-ESM1-2-HR,ssp126,wind,R01C12,final,16,16,16,0,0,True,2026-10-01T01:02:55+08:00,/work/share/aczlvkl1ac/bcsd_runs/production_v2
cf-grid-v2/MPI-ESM1-2-HR/ssp126/wind/R02C01,MPI-ESM1-2-HR,ssp126,wind,R02C01,final,16,16,16,0,0,True,2026-10-01T01:02:55+08:00,/work/share/aczlvkl1ac/bcsd_runs/production_v2
cf-grid-v2/MPI-ESM1-2-HR/ssp126/wind/R02C02,MPI-ESM1-2-HR,ssp126,wind,R02C02,final,16,16,16,0,0,True,2026-10-01T01:02:55+08:00,/work/share/aczlvkl1ac/bcsd_runs/production_v2
cf-grid-v2/MPI-ESM1-2-HR/ssp126/wind/R02C03,MPI-ESM1-2-HR,ssp126,wind,R02C03,final,16,16,16,0,0,True,2026-10-01T01:02:55+08:00,/work/share/aczlvkl1ac/bcsd_runs/production_v2
cf-grid-v2/MPI-ESM1-2-HR/ssp126/wind/R02C04,MPI-ESM1-2-HR,ssp126,wind,R02C04,final,16,16,16,0,0,True,2026-10-01T01:02:55+08:00,/work/share/aczlvkl1ac/bcsd_runs/production_v2
cf-grid-v2/MPI-ESM1-2-HR/ssp126/wind/R02C05,MPI-ESM1-2-HR,ssp126,wind,R02C05,blocks,16,0,0,0,0,True,2026-10-01T01:02:55+08:00,/work/share/aczlvkl1ac/bcsd_runs/production_v2
cf-grid-v2/MPI-ESM1-2-HR/ssp126/wind/R02C06,MPI-ESM1-2-HR,ssp126,wind,R02C06,final,16,16,16,0,0,True,2026-10-01T01:02:55+08:00,/work/share/aczlvkl1ac/bcsd_runs/production_v2
cf-grid-v2/MPI-ESM1-2-HR/ssp126/wind/R02C07,MPI-ESM1-2-HR,ssp126,wind,R02C07,final,16,16,16,0,0,True,2026-10-01T01:02:55+08:00,/work/share/aczlvkl1ac/bcsd_runs/production_v2
cf-grid-v2/MPI-ESM1-2-HR/ssp126/wind/R02C08,MPI-ESM1-2-HR,ssp126,wind,R02C08,final,16,16,16,0,0,True,2026-10-01T01:02:55+08:00,/work/share/aczlvkl1ac/bcsd_runs/production_v2
cf-grid-v2/MPI-ESM1-2-HR/ssp126/wind/R02C09,MPI-ESM1-2-HR,ssp126,wind,R02C09,final,16,16,16,0,0,True,2026-10-01T01:02:55+08:00,/work/share/aczlvkl1ac/bcsd_runs/production_v2
cf-grid-v2/MPI-ESM1-2-HR/ssp126/wind/R02C10,MPI-ESM1-2-HR,ssp126,wind,R02C10,final,16,16,16,0,0,True,2026-10-01T01:02:55+08:00,/work/share/aczlvkl1ac/bcsd_runs/production_v2
cf-grid-v2/MPI-ESM1-2-HR/ssp126/wind/R02C11,MPI-ESM1-2-HR,ssp126,wind,R02C11,final,16,16,16,0,0,True,2026-10-01T01:02:55+08:00,/work/share/aczlvkl1ac/bcsd_runs/production_v2
cf-grid-v2/MPI-ESM1-2-HR/ssp126/wind/R02C12,MPI-ESM1-2-HR,ssp126,wind,R02C12,final,16,16,16,0,0,True,2026-10-01T01:02:55+08:00,/work/share/aczlvkl1ac/bcsd_runs/production_v2
cf-grid-v2/MPI-ESM1-2-HR/ssp126/wind/R03C03,MPI-ESM1-2-HR,ssp126,wind,R03C03,final,16,16,16,0,0,True,2026-10-01T01:02:55+08:00,/work/share/aczlvkl1ac/bcsd_runs/production_v2
cf-grid-v2/MPI-ESM1-2-HR/ssp126/wind/R03C04,MPI-ESM1-2-HR,ssp126,wind,R03C04,final,16,16,16,0,0,True,2026-10-01T01:02:55+08:00,/work/share/aczlvkl1ac/bcsd_runs/production_v2
cf-grid-v2/MPI-ESM1-2-HR/ssp126/wind/R03C05,MPI-ESM1-2-HR,ssp126,wind,R03C05,final,16,16,16,0,0,True,2026-10-01T01:02:55+08:00,/work/share/aczlvkl1ac/bcsd_runs/production_v2
cf-grid-v2/MPI-ESM1-2-HR/ssp126/wind/R03C06,MPI-ESM1-2-HR,ssp126,wind,R03C06,final,16,16,16,0,0,True,2026-10-01T01:02:55+08:00,/work/share/aczlvkl1ac/bcsd_runs/production_v2
cf-grid-v2/MPI-ESM1-2-HR/ssp126/wind/R03C07,MPI-ESM1-2-HR,ssp126,wind,R03C07,final,16,16,16,0,0,True,2026-10-01T01:02:55+08:00,/work/share/aczlvkl1ac/bcsd_runs/production_v2
cf-grid-v2/MPI-ESM1-2-HR/ssp126/wind/R03C08,MPI-ESM1-2-HR,ssp126,wind,R03C08,final,16,16,16,0,0,True,2026-10-01T01:02:55+08:00,/work/share/aczlvkl1ac/bcsd_runs/production_v2
cf-grid-v2/MPI-ESM1-2-HR/ssp126/wind/R03C09,MPI-ESM1-2-HR,ssp126,wind,R03C09,final,16,16,16,0,0,True,2026-10-01T01:02:55+08:00,/work/share/aczlvkl1ac/bcsd_runs/production_v2
cf-grid-v2/MPI-ESM1-2-HR/ssp126/wind/R03C10,MPI-ESM1-2-HR,ssp126,wind,R03C10,final,16,16,16,0,0,True,2026-10-01T01:02:55+08:00,/work/share/aczlvkl1ac/bcsd_runs/production_v2
cf-grid-v2/MPI-ESM1-2-HR/ssp126/wind/R03C11,MPI-ESM1-2-HR,ssp126,wind,R03C11,blocks,16,0,0,0,0,True,2026-10-01T01:02:55+08:00,/work/share/aczlvkl1ac/bcsd_runs/production_v2
cf-grid-v2/MPI-ESM1-2-HR/ssp126/wind/R04C04,MPI-ESM1-2-HR,ssp126,wind,R04C04,final,16,16,16,0,0,True,2026-10-01T01:02:55+08:00,/work/share/aczlvkl1ac/bcsd_runs/production_v2
cf-grid-v2/MPI-ESM1-2-HR/ssp126/wind/R04C05,MPI-ESM1-2-HR,ssp126,wind,R04C05,final,16,16,16,0,0,True,2026-10-01T01:02:55+08:00,/work/share/aczlvkl1ac/bcsd_runs/production_v2
cf-grid-v2/MPI-ESM1-2-HR/ssp126/wind/R04C07,MPI-ESM1-2-HR,ssp126,wind,R04C07,final,16,16,16,0,0,True,2026-10-01T01:02:55+08:00,/work/share/aczlvkl1ac/bcsd_runs/production_v2
cf-grid-v2/MPI-ESM1-2-HR/ssp126/wind/R04C08,MPI-ESM1-2-HR,ssp126,wind,R04C08,final,16,16,16,0,0,True,2026-10-01T01:02:55+08:00,/work/share/aczlvkl1ac/bcsd_runs/production_v2
cf-grid-v2/MPI-ESM1-2-HR/ssp126/wind/R04C10,MPI-ESM1-2-HR,ssp126,wind,R04C10,final,16,16,16,0,0,True,2026-10-01T01:02:55+08:00,/work/share/aczlvkl1ac/bcsd_runs/production_v2
cf-grid-v2/MPI-ESM1-2-HR/ssp126/wind/R04C11,MPI-ESM1-2-HR,ssp126,wind,R04C11,final,16,16,16,0,0,True,2026-10-01T01:02:55+08:00,/work/share/aczlvkl1ac/bcsd_runs/production_v2
cf-grid-v2/MPI-ESM1-2-HR/ssp126/wind/R04C12,MPI-ESM1-2-HR,ssp126,wind,R04C12,final,16,16,16,0,0,True,2026-10-01T01:02:55+08:00,/work/share/aczlvkl1ac/bcsd_runs/production_v2
cf-grid-v2/MPI-ESM1-2-HR/ssp126/wind/R05C04,MPI-ESM1-2-HR,ssp126,wind,R05C04,final,16,16,16,0,0,True,2026-10-01T01:02:55+08:00,/work/share/aczlvkl1ac/bcsd_runs/production_v2
cf-grid-v2/MPI-ESM1-2-HR/ssp126/wind/R05C05,MPI-ESM1-2-HR,ssp126,wind,R05C05,blocks,16,0,0,0,0,True,2026-10-01T01:02:55+08:00,/work/share/aczlvkl1ac/bcsd_runs/production_v2
cf-grid-v2/MPI-ESM1-2-HR/ssp126/wind/R05C07,MPI-ESM1-2-HR,ssp126,wind,R05C07,final,16,16,16,0,0,True,2026-10-01T01:02:55+08:00,/work/share/aczlvkl1ac/bcsd_runs/production_v2
cf-grid-v2/MPI-ESM1-2-HR/ssp126/wind/R05C08,MPI-ESM1-2-HR,ssp126,wind,R05C08,final,16,16,16,0,0,True,2026-10-01T01:02:55+08:00,/work/share/aczlvkl1ac/bcsd_runs/production_v2
cf-grid-v2/MPI-ESM1-2-HR/ssp126/wind/R05C10,MPI-ESM1-2-HR,ssp126,wind,R05C10,final,16,16,16,0,0,True,2026-10-01T01:02:55+08:00,/work/share/aczlvkl1ac/bcsd_runs/production_v2
cf-grid-v2/MPI-ESM1-2-HR/ssp126/wind/R05C11,MPI-ESM1-2-HR,ssp126,wind,R05C11,final,16,16,16,0,0,True,2026-10-01T01:02:55+08:00,/work/share/aczlvkl1ac/bcsd_runs/production_v2
cf-grid-v2/MPI-ESM1-2-HR/ssp126/wind/R05C12,MPI-ESM1-2-HR,ssp126,wind,R05C12,blocks,16,0,0,0,0,True,2026-10-01T01:02:55+08:00,/work/share/aczlvkl1ac/bcsd_runs/production_v2
cf-grid-v2/MPI-ESM1-2-HR/ssp126/solar/R01C01,MPI-ESM1-2-HR,ssp126,solar,R01C01,final,32,32,32,0,0,True,2026-10-01T01:02:55+08:00,/work/share/aczlvkl1ac/bcsd_runs/production_v2
cf-grid-v2/MPI-ESM1-2-HR/ssp126/solar/R01C02,MPI-ESM1-2-HR,ssp126,solar,R01C02,final,32,32,32,0,0,True,2026-10-01T01:02:55+08:00,/work/share/aczlvkl1ac/bcsd_runs/production_v2
cf-grid-v2/MPI-ESM1-2-HR/ssp126/solar/R01C03,MPI-ESM1-2-HR,ssp126,solar,R01C03,final,32,32,32,0,0,True,2026-10-01T01:02:55+08:00,/work/share/aczlvkl1ac/bcsd_runs/production_v2
cf-grid-v2/MPI-ESM1-2-HR/ssp126/solar/R01C04,MPI-ESM1-2-HR,ssp126,solar,R01C04,final,32,32,32,0,0,True,2026-10-01T01:02:55+08:00,/work/share/aczlvkl1ac/bcsd_runs/production_v2
cf-grid-v2/MPI-ESM1-2-HR/ssp126/solar/R01C05,MPI-ESM1-2-HR,ssp126,solar,R01C05,final,32,32,32,0,0,True,2026-10-01T01:02:55+08:00,/work/share/aczlvkl1ac/bcsd_runs/production_v2
cf-grid-v2/MPI-ESM1-2-HR/ssp126/solar/R01C06,MPI-ESM1-2-HR,ssp126,solar,R01C06,final,32,32,32,0,0,True,2026-10-01T01:02:55+08:00,/work/share/aczlvkl1ac/bcsd_runs/production_v2
cf-grid-v2/MPI-ESM1-2-HR/ssp126/solar/R01C07,MPI-ESM1-2-HR,ssp126,solar,R01C07,final,32,32,32,0,0,True,2026-10-01T01:02:55+08:00,/work/share/aczlvkl1ac/bcsd_runs/production_v2
cf-grid-v2/MPI-ESM1-2-HR/ssp126/solar/R01C08,MPI-ESM1-2-HR,ssp126,solar,R01C08,final,32,32,32,0,0,True,2026-10-01T01:02:55+08:00,/work/share/aczlvkl1ac/bcsd_runs/production_v2
cf-grid-v2/MPI-ESM1-2-HR/ssp126/solar/R01C09,MPI-ESM1-2-HR,ssp126,solar,R01C09,final,32,32,32,0,0,True,2026-10-01T01:02:55+08:00,/work/share/aczlvkl1ac/bcsd_runs/production_v2
cf-grid-v2/MPI-ESM1-2-HR/ssp126/solar/R01C10,MPI-ESM1-2-HR,ssp126,solar,R01C10,final,32,32,32,0,0,True,2026-10-01T01:02:55+08:00,/work/share/aczlvkl1ac/bcsd_runs/production_v2
cf-grid-v2/MPI-ESM1-2-HR/ssp126/solar/R01C11,MPI-ESM1-2-HR,ssp126,solar,R01C11,final,32,32,32,0,0,True,2026-10-01T01:02:55+08:00,/work/share/aczlvkl1ac/bcsd_runs/production_v2
cf-grid-v2/MPI-ESM1-2-HR/ssp126/solar/R01C12,MPI-ESM1-2-HR,ssp126,solar,R01C12,final,32,32,32,0,0,True,2026-10-01T01:02:55+08:00,/work/share/aczlvkl1ac/bcsd_runs/production_v2
cf-grid-v2/MPI-ESM1-2-HR/ssp126/solar/R02C01,MPI-ESM1-2-HR,ssp126,solar,R02C01,final,32,32,32,0,0,True,2026-10-01T01:02:55+08:00,/work/share/aczlvkl1ac/bcsd_runs/production_v2
cf-grid-v2/MPI-ESM1-2-HR/ssp126/solar/R02C02,MPI-ESM1-2-HR,ssp126,solar,R02C02,final,32,32,32,0,0,True,2026-10-01T01:02:55+08:00,/work/share/aczlvkl1ac/bcsd_runs/production_v2
cf-grid-v2/MPI-ESM1-2-HR/ssp126/solar/R02C03,MPI-ESM1-2-HR,ssp126,solar,R02C03,final,32,32,32,0,0,True,2026-10-01T01:02:55+08:00,/work/share/aczlvkl1ac/bcsd_runs/production_v2
cf-grid-v2/MPI-ESM1-2-HR/ssp126/solar/R02C04,MPI-ESM1-2-HR,ssp126,solar,R02C04,final,32,32,32,0,0,True,2026-10-01T01:02:55+08:00,/work/share/aczlvkl1ac/bcsd_runs/production_v2
cf-grid-v2/MPI-ESM1-2-HR/ssp126/solar/R02C05,MPI-ESM1-2-HR,ssp126,solar,R02C05,blocks,32,0,0,0,0,True,2026-10-01T01:02:55+08:00,/work/share/aczlvkl1ac/bcsd_runs/production_v2
cf-grid-v2/MPI-ESM1-2-HR/ssp126/solar/R02C06,MPI-ESM1-2-HR,ssp126,solar,R02C06,final,32,32,32,0,0,True,2026-10-01T01:02:55+08:00,/work/share/aczlvkl1ac/bcsd_runs/production_v2
cf-grid-v2/MPI-ESM1-2-HR/ssp126/solar/R02C07,MPI-ESM1-2-HR,ssp126,solar,R02C07,final,32,32,32,0,0,True,2026-10-01T01:02:55+08:00,/work/share/aczlvkl1ac/bcsd_runs/production_v2
cf-grid-v2/MPI-ESM1-2-HR/ssp126/solar/R02C08,MPI-ESM1-2-HR,ssp126,solar,R02C08,final,32,32,32,0,0,True,2026-10-01T01:02:55+08:00,/work/share/aczlvkl1ac/bcsd_runs/production_v2
cf-grid-v2/MPI-ESM1-2-HR/ssp126/solar/R02C09,MPI-ESM1-2-HR,ssp126,solar,R02C09,final,32,32,32,0,0,True,2026-10-01T01:02:55+08:00,/work/share/aczlvkl1ac/bcsd_runs/production_v2
cf-grid-v2/MPI-ESM1-2-HR/ssp126/solar/R02C10,MPI-ESM1-2-HR,ssp126,solar,R02C10,final,32,32,32,0,0,True,2026-10-01T01:02:55+08:00,/work/share/aczlvkl1ac/bcsd_runs/production_v2
cf-grid-v2/MPI-ESM1-2-HR/ssp126/solar/R02C11,MPI-ESM1-2-HR,ssp126,solar,R02C11,final,32,32,32,0,0,True,2026-10-01T01:02:55+08:00,/work/share/aczlvkl1ac/bcsd_runs/production_v2
cf-grid-v2/MPI-ESM1-2-HR/ssp126/solar/R02C12,MPI-ESM1-2-HR,ssp126,solar,R02C12,final,32,32,32,0,0,True,2026-10-01T01:02:55+08:00,/work/share/aczlvkl1ac/bcsd_runs/production_v2
cf-grid-v2/MPI-ESM1-2-HR/ssp126/solar/R03C03,MPI-ESM1-2-HR,ssp126,solar,R03C03,final,32,32,32,0,0,True,2026-10-01T01:02:55+08:00,/work/share/aczlvkl1ac/bcsd_runs/production_v2
cf-grid-v2/MPI-ESM1-2-HR/ssp126/solar/R03C04,MPI-ESM1-2-HR,ssp126,solar,R03C04,final,32,32,32,0,0,True,2026-10-01T01:02:55+08:00,/work/share/aczlvkl1ac/bcsd_runs/production_v2
cf-grid-v2/MPI-ESM1-2-HR/ssp126/solar/R03C05,MPI-ESM1-2-HR,ssp126,solar,R03C05,final,32,32,32,0,0,True,2026-10-01T01:02:55+08:00,/work/share/aczlvkl1ac/bcsd_runs/production_v2
cf-grid-v2/MPI-ESM1-2-HR/ssp126/solar/R03C06,MPI-ESM1-2-HR,ssp126,solar,R03C06,final,32,32,32,0,0,True,2026-10-01T01:02:55+08:00,/work/share/aczlvkl1ac/bcsd_runs/production_v2
cf-grid-v2/MPI-ESM1-2-HR/ssp126/solar/R03C07,MPI-ESM1-2-HR,ssp126,solar,R03C07,final,32,32,32,0,0,True,2026-10-01T01:02:55+08:00,/work/share/aczlvkl1ac/bcsd_runs/production_v2
cf-grid-v2/MPI-ESM1-2-HR/ssp126/solar/R03C08,MPI-ESM1-2-HR,ssp126,solar,R03C08,final,32,32,32,0,0,True,2026-10-01T01:02:55+08:00,/work/share/aczlvkl1ac/bcsd_runs/production_v2
cf-grid-v2/MPI-ESM1-2-HR/ssp126/solar/R03C09,MPI-ESM1-2-HR,ssp126,solar,R03C09,final,32,32,32,0,0,True,2026-10-01T01:02:55+08:00,/work/share/aczlvkl1ac/bcsd_runs/production_v2
cf-grid-v2/MPI-ESM1-2-HR/ssp126/solar/R03C10,MPI-ESM1-2-HR,ssp126,solar,R03C10,final,32,32,32,0,0,True,2026-10-01T01:02:55+08:00,/work/share/aczlvkl1ac/bcsd_runs/production_v2
cf-grid-v2/MPI-ESM1-2-HR/ssp126/solar/R03C11,MPI-ESM1-2-HR,ssp126,solar,R03C11,blocks,32,0,0,0,0,True,2026-10-01T01:02:55+08:00,/work/share/aczlvkl1ac/bcsd_runs/production_v2
cf-grid-v2/MPI-ESM1-2-HR/ssp126/solar/R04C04,MPI-ESM1-2-HR,ssp126,solar,R04C04,final,32,32,32,0,0,True,2026-10-01T01:02:55+08:00,/work/share/aczlvkl1ac/bcsd_runs/production_v2
cf-grid-v2/MPI-ESM1-2-HR/ssp126/solar/R04C05,MPI-ESM1-2-HR,ssp126,solar,R04C05,final,32,32,32,0,0,True,2026-10-01T01:02:55+08:00,/work/share/aczlvkl1ac/bcsd_runs/production_v2
cf-grid-v2/MPI-ESM1-2-HR/ssp126/solar/R04C07,MPI-ESM1-2-HR,ssp126,solar,R04C07,final,32,32,32,0,0,True,2026-10-01T01:02:55+08:00,/work/share/aczlvkl1ac/bcsd_runs/production_v2
cf-grid-v2/MPI-ESM1-2-HR/ssp126/solar/R04C08,MPI-ESM1-2-HR,ssp126,solar,R04C08,final,32,32,32,0,0,True,2026-10-01T01:02:55+08:00,/work/share/aczlvkl1ac/bcsd_runs/production_v2
cf-grid-v2/MPI-ESM1-2-HR/ssp126/solar/R04C10,MPI-ESM1-2-HR,ssp126,solar,R04C10,final,32,32,32,0,0,True,2026-10-01T01:02:55+08:00,/work/share/aczlvkl1ac/bcsd_runs/production_v2
cf-grid-v2/MPI-ESM1-2-HR/ssp126/solar/R04C11,MPI-ESM1-2-HR,ssp126,solar,R04C11,final,32,32,32,0,0,True,2026-10-01T01:02:55+08:00,/work/share/aczlvkl1ac/bcsd_runs/production_v2
cf-grid-v2/MPI-ESM1-2-HR/ssp126/solar/R04C12,MPI-ESM1-2-HR,ssp126,solar,R04C12,final,32,32,32,0,0,True,2026-10-01T01:02:55+08:00,/work/share/aczlvkl1ac/bcsd_runs/production_v2
cf-grid-v2/MPI-ESM1-2-HR/ssp126/solar/R05C04,MPI-ESM1-2-HR,ssp126,solar,R05C04,final,32,32,32,0,0,True,2026-10-01T01:02:55+08:00,/work/share/aczlvkl1ac/bcsd_runs/production_v2
cf-grid-v2/MPI-ESM1-2-HR/ssp126/solar/R05C05,MPI-ESM1-2-HR,ssp126,solar,R05C05,blocks,32,0,0,0,0,True,2026-10-01T01:02:55+08:00,/work/share/aczlvkl1ac/bcsd_runs/production_v2
cf-grid-v2/MPI-ESM1-2-HR/ssp126/solar/R05C07,MPI-ESM1-2-HR,ssp126,solar,R05C07,final,32,32,32,0,0,True,2026-10-01T01:02:55+08:00,/work/share/aczlvkl1ac/bcsd_runs/production_v2
cf-grid-v2/MPI-ESM1-2-HR/ssp126/solar/R05C08,MPI-ESM1-2-HR,ssp126,solar,R05C08,final,32,32,32,0,0,True,2026-10-01T01:02:55+08:00,/work/share/aczlvkl1ac/bcsd_runs/production_v2
cf-grid-v2/MPI-ESM1-2-HR/ssp126/solar/R05C10,MPI-ESM1-2-HR,ssp126,solar,R05C10,final,32,32,32,0,0,True,2026-10-01T01:02:55+08:00,/work/share/aczlvkl1ac/bcsd_runs/production_v2
cf-grid-v2/MPI-ESM1-2-HR/ssp126/solar/R05C11,MPI-ESM1-2-HR,ssp126,solar,R05C11,final,32,32,32,0,0,True,2026-10-01T01:02:55+08:00,/work/share/aczlvkl1ac/bcsd_runs/production_v2
cf-grid-v2/MPI-ESM1-2-HR/ssp126/solar/R05C12,MPI-ESM1-2-HR,ssp126,solar,R05C12,blocks,32,0,0,0,0,True,2026-10-01T01:02:55+08:00,/work/share/aczlvkl1ac/bcsd_runs/production_v2
cf-grid-v2/MPI-ESM1-2-HR/ssp245/wind/R01C01,MPI-ESM1-2-HR,ssp245,wind,R01C01,final,16,16,16,0,0,True,2026-10-01T01:02:55+08:00,/work/share/aczlvkl1ac/bcsd_runs/production_v2
cf-grid-v2/MPI-ESM1-2-HR/ssp245/wind/R01C02,MPI-ESM1-2-HR,ssp245,wind,R01C02,final,16,16,16,0,0,True,2026-10-01T01:02:55+08:00,/work/share/aczlvkl1ac/bcsd_runs/production_v2
cf-grid-v2/MPI-ESM1-2-HR/ssp245/wind/R01C03,MPI-ESM1-2-HR,ssp245,wind,R01C03,final,16,16,16,0,0,True,2026-10-01T01:02:55+08:00,/work/share/aczlvkl1ac/bcsd_runs/production_v2
cf-grid-v2/MPI-ESM1-2-HR/ssp245/wind/R01C04,MPI-ESM1-2-HR,ssp245,wind,R01C04,final,16,16,16,0,0,True,2026-10-01T01:02:55+08:00,/work/share/aczlvkl1ac/bcsd_runs/production_v2
cf-grid-v2/MPI-ESM1-2-HR/ssp245/wind/R01C05,MPI-ESM1-2-HR,ssp245,wind,R01C05,final,16,16,16,0,0,True,2026-10-01T01:02:55+08:00,/work/share/aczlvkl1ac/bcsd_runs/production_v2
cf-grid-v2/MPI-ESM1-2-HR/ssp245/wind/R01C06,MPI-ESM1-2-HR,ssp245,wind,R01C06,blocks,16,0,0,0,0,True,2026-10-01T01:02:55+08:00,/work/share/aczlvkl1ac/bcsd_runs/production_v2
cf-grid-v2/MPI-ESM1-2-HR/ssp245/wind/R01C07,MPI-ESM1-2-HR,ssp245,wind,R01C07,final,16,16,16,0,0,True,2026-10-01T01:02:55+08:00,/work/share/aczlvkl1ac/bcsd_runs/production_v2
cf-grid-v2/MPI-ESM1-2-HR/ssp245/wind/R01C08,MPI-ESM1-2-HR,ssp245,wind,R01C08,final,16,16,16,0,0,True,2026-10-01T01:02:55+08:00,/work/share/aczlvkl1ac/bcsd_runs/production_v2
cf-grid-v2/MPI-ESM1-2-HR/ssp245/wind/R01C09,MPI-ESM1-2-HR,ssp245,wind,R01C09,final,16,16,16,0,0,True,2026-10-01T01:02:55+08:00,/work/share/aczlvkl1ac/bcsd_runs/production_v2
cf-grid-v2/MPI-ESM1-2-HR/ssp245/wind/R01C10,MPI-ESM1-2-HR,ssp245,wind,R01C10,final,16,16,16,0,0,True,2026-10-01T01:02:55+08:00,/work/share/aczlvkl1ac/bcsd_runs/production_v2
cf-grid-v2/MPI-ESM1-2-HR/ssp245/wind/R01C11,MPI-ESM1-2-HR,ssp245,wind,R01C11,final,16,16,16,0,0,True,2026-10-01T01:02:55+08:00,/work/share/aczlvkl1ac/bcsd_runs/production_v2
cf-grid-v2/MPI-ESM1-2-HR/ssp245/wind/R01C12,MPI-ESM1-2-HR,ssp245,wind,R01C12,final,16,16,16,0,0,True,2026-10-01T01:02:55+08:00,/work/share/aczlvkl1ac/bcsd_runs/production_v2
cf-grid-v2/MPI-ESM1-2-HR/ssp245/wind/R02C01,MPI-ESM1-2-HR,ssp245,wind,R02C01,blocks,16,0,0,0,0,True,2026-10-01T01:02:55+08:00,/work/share/aczlvkl1ac/bcsd_runs/production_v2
cf-grid-v2/MPI-ESM1-2-HR/ssp245/wind/R02C02,MPI-ESM1-2-HR,ssp245,wind,R02C02,final,16,16,16,0,0,True,2026-10-01T01:02:55+08:00,/work/share/aczlvkl1ac/bcsd_runs/production_v2
cf-grid-v2/MPI-ESM1-2-HR/ssp245/wind/R02C03,MPI-ESM1-2-HR,ssp245,wind,R02C03,final,16,16,16,0,0,True,2026-10-01T01:02:55+08:00,/work/share/aczlvkl1ac/bcsd_runs/production_v2
cf-grid-v2/MPI-ESM1-2-HR/ssp245/wind/R02C04,MPI-ESM1-2-HR,ssp245,wind,R02C04,final,16,16,16,0,0,True,2026-10-01T01:02:55+08:00,/work/share/aczlvkl1ac/bcsd_runs/production_v2
cf-grid-v2/MPI-ESM1-2-HR/ssp245/wind/R02C05,MPI-ESM1-2-HR,ssp245,wind,R02C05,blocks,16,0,0,0,0,True,2026-10-01T01:02:55+08:00,/work/share/aczlvkl1ac/bcsd_runs/production_v2
cf-grid-v2/MPI-ESM1-2-HR/ssp245/wind/R02C06,MPI-ESM1-2-HR,ssp245,wind,R02C06,final,16,16,16,0,0,True,2026-10-01T01:02:55+08:00,/work/share/aczlvkl1ac/bcsd_runs/production_v2
cf-grid-v2/MPI-ESM1-2-HR/ssp245/wind/R02C07,MPI-ESM1-2-HR,ssp245,wind,R02C07,final,16,16,16,0,0,True,2026-10-01T01:02:55+08:00,/work/share/aczlvkl1ac/bcsd_runs/production_v2
cf-grid-v2/MPI-ESM1-2-HR/ssp245/wind/R02C08,MPI-ESM1-2-HR,ssp245,wind,R02C08,final,16,16,16,0,0,True,2026-10-01T01:02:55+08:00,/work/share/aczlvkl1ac/bcsd_runs/production_v2
cf-grid-v2/MPI-ESM1-2-HR/ssp245/wind/R02C09,MPI-ESM1-2-HR,ssp245,wind,R02C09,final,16,16,16,0,0,True,2026-10-01T01:02:55+08:00,/work/share/aczlvkl1ac/bcsd_runs/production_v2
cf-grid-v2/MPI-ESM1-2-HR/ssp245/wind/R02C10,MPI-ESM1-2-HR,ssp245,wind,R02C10,final,16,16,16,0,0,True,2026-10-01T01:02:55+08:00,/work/share/aczlvkl1ac/bcsd_runs/production_v2
cf-grid-v2/MPI-ESM1-2-HR/ssp245/wind/R02C11,MPI-ESM1-2-HR,ssp245,wind,R02C11,final,16,16,16,0,0,True,2026-10-01T01:02:55+08:00,/work/share/aczlvkl1ac/bcsd_runs/production_v2
cf-grid-v2/MPI-ESM1-2-HR/ssp245/wind/R02C12,MPI-ESM1-2-HR,ssp245,wind,R02C12,final,16,16,16,0,0,True,2026-10-01T01:02:55+08:00,/work/share/aczlvkl1ac/bcsd_runs/production_v2
cf-grid-v2/MPI-ESM1-2-HR/ssp245/wind/R03C03,MPI-ESM1-2-HR,ssp245,wind,R03C03,blocks,16,0,0,0,0,True,2026-10-01T01:02:55+08:00,/work/share/aczlvkl1ac/bcsd_runs/production_v2
cf-grid-v2/MPI-ESM1-2-HR/ssp245/wind/R03C04,MPI-ESM1-2-HR,ssp245,wind,R03C04,final,16,16,16,0,0,True,2026-10-01T01:02:55+08:00,/work/share/aczlvkl1ac/bcsd_runs/production_v2
cf-grid-v2/MPI-ESM1-2-HR/ssp245/wind/R03C05,MPI-ESM1-2-HR,ssp245,wind,R03C05,final,16,16,16,0,0,True,2026-10-01T01:02:55+08:00,/work/share/aczlvkl1ac/bcsd_runs/production_v2
cf-grid-v2/MPI-ESM1-2-HR/ssp245/wind/R03C06,MPI-ESM1-2-HR,ssp245,wind,R03C06,final,16,16,16,0,0,True,2026-10-01T01:02:55+08:00,/work/share/aczlvkl1ac/bcsd_runs/production_v2
cf-grid-v2/MPI-ESM1-2-HR/ssp245/wind/R03C07,MPI-ESM1-2-HR,ssp245,wind,R03C07,final,16,16,16,0,0,True,2026-10-01T01:02:55+08:00,/work/share/aczlvkl1ac/bcsd_runs/production_v2
cf-grid-v2/MPI-ESM1-2-HR/ssp245/wind/R03C08,MPI-ESM1-2-HR,ssp245,wind,R03C08,final,16,16,16,0,0,True,2026-10-01T01:02:55+08:00,/work/share/aczlvkl1ac/bcsd_runs/production_v2
cf-grid-v2/MPI-ESM1-2-HR/ssp245/wind/R03C09,MPI-ESM1-2-HR,ssp245,wind,R03C09,final,16,16,16,0,0,True,2026-10-01T01:02:55+08:00,/work/share/aczlvkl1ac/bcsd_runs/production_v2
cf-grid-v2/MPI-ESM1-2-HR/ssp245/wind/R03C10,MPI-ESM1-2-HR,ssp245,wind,R03C10,final,16,16,16,0,0,True,2026-10-01T01:02:55+08:00,/work/share/aczlvkl1ac/bcsd_runs/production_v2
cf-grid-v2/MPI-ESM1-2-HR/ssp245/wind/R03C11,MPI-ESM1-2-HR,ssp245,wind,R03C11,blocks,16,0,0,0,0,True,2026-10-01T01:02:55+08:00,/work/share/aczlvkl1ac/bcsd_runs/production_v2
cf-grid-v2/MPI-ESM1-2-HR/ssp245/wind/R04C04,MPI-ESM1-2-HR,ssp245,wind,R04C04,final,16,16,16,0,0,True,2026-10-01T01:02:55+08:00,/work/share/aczlvkl1ac/bcsd_runs/production_v2
cf-grid-v2/MPI-ESM1-2-HR/ssp245/wind/R04C05,MPI-ESM1-2-HR,ssp245,wind,R04C05,final,16,16,16,0,0,True,2026-10-01T01:02:55+08:00,/work/share/aczlvkl1ac/bcsd_runs/production_v2
cf-grid-v2/MPI-ESM1-2-HR/ssp245/wind/R04C07,MPI-ESM1-2-HR,ssp245,wind,R04C07,final,16,16,16,0,0,True,2026-10-01T01:02:55+08:00,/work/share/aczlvkl1ac/bcsd_runs/production_v2
cf-grid-v2/MPI-ESM1-2-HR/ssp245/wind/R04C08,MPI-ESM1-2-HR,ssp245,wind,R04C08,final,16,16,16,0,0,True,2026-10-01T01:02:55+08:00,/work/share/aczlvkl1ac/bcsd_runs/production_v2
cf-grid-v2/MPI-ESM1-2-HR/ssp245/wind/R04C10,MPI-ESM1-2-HR,ssp245,wind,R04C10,final,16,16,16,0,0,True,2026-10-01T01:02:55+08:00,/work/share/aczlvkl1ac/bcsd_runs/production_v2
cf-grid-v2/MPI-ESM1-2-HR/ssp245/wind/R04C11,MPI-ESM1-2-HR,ssp245,wind,R04C11,final,16,16,16,0,0,True,2026-10-01T01:02:55+08:00,/work/share/aczlvkl1ac/bcsd_runs/production_v2
cf-grid-v2/MPI-ESM1-2-HR/ssp245/wind/R04C12,MPI-ESM1-2-HR,ssp245,wind,R04C12,final,16,16,16,0,0,True,2026-10-01T01:02:55+08:00,/work/share/aczlvkl1ac/bcsd_runs/production_v2
cf-grid-v2/MPI-ESM1-2-HR/ssp245/wind/R05C04,MPI-ESM1-2-HR,ssp245,wind,R05C04,final,16,16,16,0,0,True,2026-10-01T01:02:55+08:00,/work/share/aczlvkl1ac/bcsd_runs/production_v2
cf-grid-v2/MPI-ESM1-2-HR/ssp245/wind/R05C05,MPI-ESM1-2-HR,ssp245,wind,R05C05,blocks,16,0,0,0,0,True,2026-10-01T01:02:55+08:00,/work/share/aczlvkl1ac/bcsd_runs/production_v2
cf-grid-v2/MPI-ESM1-2-HR/ssp245/wind/R05C07,MPI-ESM1-2-HR,ssp245,wind,R05C07,final,16,16,16,0,0,True,2026-10-01T01:02:55+08:00,/work/share/aczlvkl1ac/bcsd_runs/production_v2
cf-grid-v2/MPI-ESM1-2-HR/ssp245/wind/R05C08,MPI-ESM1-2-HR,ssp245,wind,R05C08,blocks,16,0,0,0,0,True,2026-10-01T01:02:55+08:00,/work/share/aczlvkl1ac/bcsd_runs/production_v2
cf-grid-v2/MPI-ESM1-2-HR/ssp245/wind/R05C10,MPI-ESM1-2-HR,ssp245,wind,R05C10,final,16,16,16,0,0,True,2026-10-01T01:02:55+08:00,/work/share/aczlvkl1ac/bcsd_runs/production_v2
cf-grid-v2/MPI-ESM1-2-HR/ssp245/wind/R05C11,MPI-ESM1-2-HR,ssp245,wind,R05C11,blocks,16,0,0,0,0,True,2026-10-01T01:02:55+08:00,/work/share/aczlvkl1ac/bcsd_runs/production_v2
cf-grid-v2/MPI-ESM1-2-HR/ssp245/wind/R05C12,MPI-ESM1-2-HR,ssp245,wind,R05C12,blocks,16,0,0,0,0,True,2026-10-01T01:02:55+08:00,/work/share/aczlvkl1ac/bcsd_runs/production_v2
cf-grid-v2/MPI-ESM1-2-HR/ssp245/solar/R01C01,MPI-ESM1-2-HR,ssp245,solar,R01C01,final,32,32,32,0,0,True,2026-10-01T01:02:55+08:00,/work/share/aczlvkl1ac/bcsd_runs/production_v2
cf-grid-v2/MPI-ESM1-2-HR/ssp245/solar/R01C02,MPI-ESM1-2-HR,ssp245,solar,R01C02,final,32,32,32,0,0,True,2026-10-01T01:02:55+08:00,/work/share/aczlvkl1ac/bcsd_runs/production_v2
cf-grid-v2/MPI-ESM1-2-HR/ssp245/solar/R01C03,MPI-ESM1-2-HR,ssp245,solar,R01C03,final,32,32,32,0,0,True,2026-10-01T01:02:55+08:00,/work/share/aczlvkl1ac/bcsd_runs/production_v2
cf-grid-v2/MPI-ESM1-2-HR/ssp245/solar/R01C04,MPI-ESM1-2-HR,ssp245,solar,R01C04,final,32,32,32,0,0,True,2026-10-01T01:02:55+08:00,/work/share/aczlvkl1ac/bcsd_runs/production_v2
cf-grid-v2/MPI-ESM1-2-HR/ssp245/solar/R01C05,MPI-ESM1-2-HR,ssp245,solar,R01C05,final,32,32,32,0,0,True,2026-10-01T01:02:55+08:00,/work/share/aczlvkl1ac/bcsd_runs/production_v2
cf-grid-v2/MPI-ESM1-2-HR/ssp245/solar/R01C06,MPI-ESM1-2-HR,ssp245,solar,R01C06,final,32,8,8,0,0,True,2026-10-01T01:02:55+08:00,/work/share/aczlvkl1ac/bcsd_runs/production_v2
cf-grid-v2/MPI-ESM1-2-HR/ssp245/solar/R01C07,MPI-ESM1-2-HR,ssp245,solar,R01C07,final,32,32,32,0,0,True,2026-10-01T01:02:55+08:00,/work/share/aczlvkl1ac/bcsd_runs/production_v2
cf-grid-v2/MPI-ESM1-2-HR/ssp245/solar/R01C08,MPI-ESM1-2-HR,ssp245,solar,R01C08,final,32,32,32,0,0,True,2026-10-01T01:02:55+08:00,/work/share/aczlvkl1ac/bcsd_runs/production_v2
cf-grid-v2/MPI-ESM1-2-HR/ssp245/solar/R01C09,MPI-ESM1-2-HR,ssp245,solar,R01C09,final,32,32,32,0,0,True,2026-10-01T01:02:55+08:00,/work/share/aczlvkl1ac/bcsd_runs/production_v2
cf-grid-v2/MPI-ESM1-2-HR/ssp245/solar/R01C10,MPI-ESM1-2-HR,ssp245,solar,R01C10,final,32,32,32,0,0,True,2026-10-01T01:02:55+08:00,/work/share/aczlvkl1ac/bcsd_runs/production_v2
cf-grid-v2/MPI-ESM1-2-HR/ssp245/solar/R01C11,MPI-ESM1-2-HR,ssp245,solar,R01C11,final,32,32,32,0,0,True,2026-10-01T01:02:55+08:00,/work/share/aczlvkl1ac/bcsd_runs/production_v2
cf-grid-v2/MPI-ESM1-2-HR/ssp245/solar/R01C12,MPI-ESM1-2-HR,ssp245,solar,R01C12,final,32,32,32,0,0,True,2026-10-01T01:02:55+08:00,/work/share/aczlvkl1ac/bcsd_runs/production_v2
cf-grid-v2/MPI-ESM1-2-HR/ssp245/solar/R02C01,MPI-ESM1-2-HR,ssp245,solar,R02C01,final,32,8,8,0,0,True,2026-10-01T01:02:55+08:00,/work/share/aczlvkl1ac/bcsd_runs/production_v2
cf-grid-v2/MPI-ESM1-2-HR/ssp245/solar/R02C02,MPI-ESM1-2-HR,ssp245,solar,R02C02,final,32,32,32,0,0,True,2026-10-01T01:02:55+08:00,/work/share/aczlvkl1ac/bcsd_runs/production_v2
cf-grid-v2/MPI-ESM1-2-HR/ssp245/solar/R02C03,MPI-ESM1-2-HR,ssp245,solar,R02C03,final,32,32,32,0,0,True,2026-10-01T01:02:55+08:00,/work/share/aczlvkl1ac/bcsd_runs/production_v2
cf-grid-v2/MPI-ESM1-2-HR/ssp245/solar/R02C04,MPI-ESM1-2-HR,ssp245,solar,R02C04,final,32,32,32,0,0,True,2026-10-01T01:02:55+08:00,/work/share/aczlvkl1ac/bcsd_runs/production_v2
cf-grid-v2/MPI-ESM1-2-HR/ssp245/solar/R02C05,MPI-ESM1-2-HR,ssp245,solar,R02C05,blocks,32,0,0,0,0,True,2026-10-01T01:02:55+08:00,/work/share/aczlvkl1ac/bcsd_runs/production_v2
cf-grid-v2/MPI-ESM1-2-HR/ssp245/solar/R02C06,MPI-ESM1-2-HR,ssp245,solar,R02C06,final,32,32,32,0,0,True,2026-10-01T01:02:55+08:00,/work/share/aczlvkl1ac/bcsd_runs/production_v2
cf-grid-v2/MPI-ESM1-2-HR/ssp245/solar/R02C07,MPI-ESM1-2-HR,ssp245,solar,R02C07,final,32,32,32,0,0,True,2026-10-01T01:02:55+08:00,/work/share/aczlvkl1ac/bcsd_runs/production_v2
cf-grid-v2/MPI-ESM1-2-HR/ssp245/solar/R02C08,MPI-ESM1-2-HR,ssp245,solar,R02C08,final,32,32,32,0,0,True,2026-10-01T01:02:55+08:00,/work/share/aczlvkl1ac/bcsd_runs/production_v2
cf-grid-v2/MPI-ESM1-2-HR/ssp245/solar/R02C09,MPI-ESM1-2-HR,ssp245,solar,R02C09,final,32,32,32,0,0,True,2026-10-01T01:02:55+08:00,/work/share/aczlvkl1ac/bcsd_runs/production_v2
cf-grid-v2/MPI-ESM1-2-HR/ssp245/solar/R02C10,MPI-ESM1-2-HR,ssp245,solar,R02C10,final,32,32,32,0,0,True,2026-10-01T01:02:55+08:00,/work/share/aczlvkl1ac/bcsd_runs/production_v2
cf-grid-v2/MPI-ESM1-2-HR/ssp245/solar/R02C11,MPI-ESM1-2-HR,ssp245,solar,R02C11,final,32,32,32,0,0,True,2026-10-01T01:02:55+08:00,/work/share/aczlvkl1ac/bcsd_runs/production_v2
cf-grid-v2/MPI-ESM1-2-HR/ssp245/solar/R02C12,MPI-ESM1-2-HR,ssp245,solar,R02C12,final,32,32,32,0,0,True,2026-10-01T01:02:55+08:00,/work/share/aczlvkl1ac/bcsd_runs/production_v2
cf-grid-v2/MPI-ESM1-2-HR/ssp245/solar/R03C03,MPI-ESM1-2-HR,ssp245,solar,R03C03,final,32,8,8,0,0,True,2026-10-01T01:02:55+08:00,/work/share/aczlvkl1ac/bcsd_runs/production_v2
cf-grid-v2/MPI-ESM1-2-HR/ssp245/solar/R03C04,MPI-ESM1-2-HR,ssp245,solar,R03C04,final,32,32,32,0,0,True,2026-10-01T01:02:55+08:00,/work/share/aczlvkl1ac/bcsd_runs/production_v2
cf-grid-v2/MPI-ESM1-2-HR/ssp245/solar/R03C05,MPI-ESM1-2-HR,ssp245,solar,R03C05,final,32,32,32,0,0,True,2026-10-01T01:02:55+08:00,/work/share/aczlvkl1ac/bcsd_runs/production_v2
cf-grid-v2/MPI-ESM1-2-HR/ssp245/solar/R03C06,MPI-ESM1-2-HR,ssp245,solar,R03C06,final,32,32,32,0,0,True,2026-10-01T01:02:55+08:00,/work/share/aczlvkl1ac/bcsd_runs/production_v2
cf-grid-v2/MPI-ESM1-2-HR/ssp245/solar/R03C07,MPI-ESM1-2-HR,ssp245,solar,R03C07,final,32,32,32,0,0,True,2026-10-01T01:02:55+08:00,/work/share/aczlvkl1ac/bcsd_runs/production_v2
cf-grid-v2/MPI-ESM1-2-HR/ssp245/solar/R03C08,MPI-ESM1-2-HR,ssp245,solar,R03C08,final,32,32,32,0,0,True,2026-10-01T01:02:55+08:00,/work/share/aczlvkl1ac/bcsd_runs/production_v2
cf-grid-v2/MPI-ESM1-2-HR/ssp245/solar/R03C09,MPI-ESM1-2-HR,ssp245,solar,R03C09,final,32,32,32,0,0,True,2026-10-01T01:02:55+08:00,/work/share/aczlvkl1ac/bcsd_runs/production_v2
cf-grid-v2/MPI-ESM1-2-HR/ssp245/solar/R03C10,MPI-ESM1-2-HR,ssp245,solar,R03C10,final,32,32,32,0,0,True,2026-10-01T01:02:55+08:00,/work/share/aczlvkl1ac/bcsd_runs/production_v2
cf-grid-v2/MPI-ESM1-2-HR/ssp245/solar/R03C11,MPI-ESM1-2-HR,ssp245,solar,R03C11,blocks,32,0,0,0,0,True,2026-10-01T01:02:55+08:00,/work/share/aczlvkl1ac/bcsd_runs/production_v2
cf-grid-v2/MPI-ESM1-2-HR/ssp245/solar/R04C04,MPI-ESM1-2-HR,ssp245,solar,R04C04,final,32,32,32,0,0,True,2026-10-01T01:02:55+08:00,/work/share/aczlvkl1ac/bcsd_runs/production_v2
cf-grid-v2/MPI-ESM1-2-HR/ssp245/solar/R04C05,MPI-ESM1-2-HR,ssp245,solar,R04C05,final,32,32,32,0,0,True,2026-10-01T01:02:55+08:00,/work/share/aczlvkl1ac/bcsd_runs/production_v2
cf-grid-v2/MPI-ESM1-2-HR/ssp245/solar/R04C07,MPI-ESM1-2-HR,ssp245,solar,R04C07,final,32,32,32,0,0,True,2026-10-01T01:02:55+08:00,/work/share/aczlvkl1ac/bcsd_runs/production_v2
cf-grid-v2/MPI-ESM1-2-HR/ssp245/solar/R04C08,MPI-ESM1-2-HR,ssp245,solar,R04C08,final,32,32,32,0,0,True,2026-10-01T01:02:55+08:00,/work/share/aczlvkl1ac/bcsd_runs/production_v2
cf-grid-v2/MPI-ESM1-2-HR/ssp245/solar/R04C10,MPI-ESM1-2-HR,ssp245,solar,R04C10,final,32,32,32,0,0,True,2026-10-01T01:02:55+08:00,/work/share/aczlvkl1ac/bcsd_runs/production_v2
cf-grid-v2/MPI-ESM1-2-HR/ssp245/solar/R04C11,MPI-ESM1-2-HR,ssp245,solar,R04C11,final,32,32,32,0,0,True,2026-10-01T01:02:55+08:00,/work/share/aczlvkl1ac/bcsd_runs/production_v2
cf-grid-v2/MPI-ESM1-2-HR/ssp245/solar/R04C12,MPI-ESM1-2-HR,ssp245,solar,R04C12,final,32,32,32,0,0,True,2026-10-01T01:02:55+08:00,/work/share/aczlvkl1ac/bcsd_runs/production_v2
cf-grid-v2/MPI-ESM1-2-HR/ssp245/solar/R05C04,MPI-ESM1-2-HR,ssp245,solar,R05C04,final,32,32,32,0,0,True,2026-10-01T01:02:55+08:00,/work/share/aczlvkl1ac/bcsd_runs/production_v2
cf-grid-v2/MPI-ESM1-2-HR/ssp245/solar/R05C05,MPI-ESM1-2-HR,ssp245,solar,R05C05,blocks,32,0,0,0,0,True,2026-10-01T01:02:55+08:00,/work/share/aczlvkl1ac/bcsd_runs/production_v2
cf-grid-v2/MPI-ESM1-2-HR/ssp245/solar/R05C07,MPI-ESM1-2-HR,ssp245,solar,R05C07,final,32,32,32,0,0,True,2026-10-01T01:02:55+08:00,/work/share/aczlvkl1ac/bcsd_runs/production_v2
cf-grid-v2/MPI-ESM1-2-HR/ssp245/solar/R05C08,MPI-ESM1-2-HR,ssp245,solar,R05C08,final,32,16,16,0,0,True,2026-10-01T01:02:55+08:00,/work/share/aczlvkl1ac/bcsd_runs/production_v2
cf-grid-v2/MPI-ESM1-2-HR/ssp245/solar/R05C10,MPI-ESM1-2-HR,ssp245,solar,R05C10,final,32,32,32,0,0,True,2026-10-01T01:02:55+08:00,/work/share/aczlvkl1ac/bcsd_runs/production_v2
cf-grid-v2/MPI-ESM1-2-HR/ssp245/solar/R05C11,MPI-ESM1-2-HR,ssp245,solar,R05C11,blocks,32,0,0,0,0,True,2026-10-01T01:02:55+08:00,/work/share/aczlvkl1ac/bcsd_runs/production_v2
cf-grid-v2/MPI-ESM1-2-HR/ssp245/solar/R05C12,MPI-ESM1-2-HR,ssp245,solar,R05C12,blocks,32,0,0,0,0,True,2026-10-01T01:02:55+08:00,/work/share/aczlvkl1ac/bcsd_runs/production_v2
cf-grid-v2/MPI-ESM1-2-HR/ssp585/wind/R01C01,MPI-ESM1-2-HR,ssp585,wind,R01C01,final,16,16,16,0,0,True,2026-10-01T01:02:55+08:00,/work/share/aczlvkl1ac/bcsd_runs/production_v2
cf-grid-v2/MPI-ESM1-2-HR/ssp585/wind/R01C02,MPI-ESM1-2-HR,ssp585,wind,R01C02,final,16,16,16,0,0,True,2026-10-01T01:02:55+08:00,/work/share/aczlvkl1ac/bcsd_runs/production_v2
cf-grid-v2/MPI-ESM1-2-HR/ssp585/wind/R01C03,MPI-ESM1-2-HR,ssp585,wind,R01C03,final,16,16,16,0,0,True,2026-10-01T01:02:55+08:00,/work/share/aczlvkl1ac/bcsd_runs/production_v2
cf-grid-v2/MPI-ESM1-2-HR/ssp585/wind/R01C04,MPI-ESM1-2-HR,ssp585,wind,R01C04,final,16,16,16,0,0,True,2026-10-01T01:02:55+08:00,/work/share/aczlvkl1ac/bcsd_runs/production_v2
cf-grid-v2/MPI-ESM1-2-HR/ssp585/wind/R01C05,MPI-ESM1-2-HR,ssp585,wind,R01C05,final,16,16,16,0,0,True,2026-10-01T01:02:55+08:00,/work/share/aczlvkl1ac/bcsd_runs/production_v2
cf-grid-v2/MPI-ESM1-2-HR/ssp585/wind/R01C06,MPI-ESM1-2-HR,ssp585,wind,R01C06,blocks,16,0,0,0,0,True,2026-10-01T01:02:55+08:00,/work/share/aczlvkl1ac/bcsd_runs/production_v2
cf-grid-v2/MPI-ESM1-2-HR/ssp585/wind/R01C07,MPI-ESM1-2-HR,ssp585,wind,R01C07,final,16,16,16,0,0,True,2026-10-01T01:02:55+08:00,/work/share/aczlvkl1ac/bcsd_runs/production_v2
cf-grid-v2/MPI-ESM1-2-HR/ssp585/wind/R01C08,MPI-ESM1-2-HR,ssp585,wind,R01C08,final,16,16,16,0,0,True,2026-10-01T01:02:55+08:00,/work/share/aczlvkl1ac/bcsd_runs/production_v2
cf-grid-v2/MPI-ESM1-2-HR/ssp585/wind/R01C09,MPI-ESM1-2-HR,ssp585,wind,R01C09,final,16,16,16,0,0,True,2026-10-01T01:02:55+08:00,/work/share/aczlvkl1ac/bcsd_runs/production_v2
cf-grid-v2/MPI-ESM1-2-HR/ssp585/wind/R01C10,MPI-ESM1-2-HR,ssp585,wind,R01C10,final,16,16,16,0,0,True,2026-10-01T01:02:55+08:00,/work/share/aczlvkl1ac/bcsd_runs/production_v2
cf-grid-v2/MPI-ESM1-2-HR/ssp585/wind/R01C11,MPI-ESM1-2-HR,ssp585,wind,R01C11,final,16,16,16,0,0,True,2026-10-01T01:02:55+08:00,/work/share/aczlvkl1ac/bcsd_runs/production_v2
cf-grid-v2/MPI-ESM1-2-HR/ssp585/wind/R01C12,MPI-ESM1-2-HR,ssp585,wind,R01C12,final,16,16,16,0,0,True,2026-10-01T01:02:55+08:00,/work/share/aczlvkl1ac/bcsd_runs/production_v2
cf-grid-v2/MPI-ESM1-2-HR/ssp585/wind/R02C01,MPI-ESM1-2-HR,ssp585,wind,R02C01,blocks,16,0,0,0,0,True,2026-10-01T01:02:55+08:00,/work/share/aczlvkl1ac/bcsd_runs/production_v2
cf-grid-v2/MPI-ESM1-2-HR/ssp585/wind/R02C02,MPI-ESM1-2-HR,ssp585,wind,R02C02,final,16,16,16,0,0,True,2026-10-01T01:02:55+08:00,/work/share/aczlvkl1ac/bcsd_runs/production_v2
cf-grid-v2/MPI-ESM1-2-HR/ssp585/wind/R02C03,MPI-ESM1-2-HR,ssp585,wind,R02C03,final,16,16,16,0,0,True,2026-10-01T01:02:55+08:00,/work/share/aczlvkl1ac/bcsd_runs/production_v2
cf-grid-v2/MPI-ESM1-2-HR/ssp585/wind/R02C04,MPI-ESM1-2-HR,ssp585,wind,R02C04,final,16,16,16,0,0,True,2026-10-01T01:02:55+08:00,/work/share/aczlvkl1ac/bcsd_runs/production_v2
cf-grid-v2/MPI-ESM1-2-HR/ssp585/wind/R02C05,MPI-ESM1-2-HR,ssp585,wind,R02C05,blocks,16,0,0,0,0,True,2026-10-01T01:02:55+08:00,/work/share/aczlvkl1ac/bcsd_runs/production_v2
cf-grid-v2/MPI-ESM1-2-HR/ssp585/wind/R02C06,MPI-ESM1-2-HR,ssp585,wind,R02C06,final,16,16,16,0,0,True,2026-10-01T01:02:55+08:00,/work/share/aczlvkl1ac/bcsd_runs/production_v2
cf-grid-v2/MPI-ESM1-2-HR/ssp585/wind/R02C07,MPI-ESM1-2-HR,ssp585,wind,R02C07,final,16,16,16,0,0,True,2026-10-01T01:02:55+08:00,/work/share/aczlvkl1ac/bcsd_runs/production_v2
cf-grid-v2/MPI-ESM1-2-HR/ssp585/wind/R02C08,MPI-ESM1-2-HR,ssp585,wind,R02C08,final,16,16,16,0,0,True,2026-10-01T01:02:55+08:00,/work/share/aczlvkl1ac/bcsd_runs/production_v2
cf-grid-v2/MPI-ESM1-2-HR/ssp585/wind/R02C09,MPI-ESM1-2-HR,ssp585,wind,R02C09,final,16,16,16,0,0,True,2026-10-01T01:02:55+08:00,/work/share/aczlvkl1ac/bcsd_runs/production_v2
cf-grid-v2/MPI-ESM1-2-HR/ssp585/wind/R02C10,MPI-ESM1-2-HR,ssp585,wind,R02C10,final,16,16,16,0,0,True,2026-10-01T01:02:55+08:00,/work/share/aczlvkl1ac/bcsd_runs/production_v2
cf-grid-v2/MPI-ESM1-2-HR/ssp585/wind/R02C11,MPI-ESM1-2-HR,ssp585,wind,R02C11,final,16,16,16,0,0,True,2026-10-01T01:02:55+08:00,/work/share/aczlvkl1ac/bcsd_runs/production_v2
cf-grid-v2/MPI-ESM1-2-HR/ssp585/wind/R02C12,MPI-ESM1-2-HR,ssp585,wind,R02C12,final,16,16,16,0,0,True,2026-10-01T01:02:55+08:00,/work/share/aczlvkl1ac/bcsd_runs/production_v2
cf-grid-v2/MPI-ESM1-2-HR/ssp585/wind/R03C03,MPI-ESM1-2-HR,ssp585,wind,R03C03,blocks,16,0,0,0,0,True,2026-10-01T01:02:55+08:00,/work/share/aczlvkl1ac/bcsd_runs/production_v2
cf-grid-v2/MPI-ESM1-2-HR/ssp585/wind/R03C04,MPI-ESM1-2-HR,ssp585,wind,R03C04,final,16,8,8,0,0,True,2026-10-01T01:02:55+08:00,/work/share/aczlvkl1ac/bcsd_runs/production_v2
cf-grid-v2/MPI-ESM1-2-HR/ssp585/wind/R03C05,MPI-ESM1-2-HR,ssp585,wind,R03C05,final,16,16,16,0,0,True,2026-10-01T01:02:55+08:00,/work/share/aczlvkl1ac/bcsd_runs/production_v2
cf-grid-v2/MPI-ESM1-2-HR/ssp585/wind/R03C06,MPI-ESM1-2-HR,ssp585,wind,R03C06,final,16,16,16,0,0,True,2026-10-01T01:02:55+08:00,/work/share/aczlvkl1ac/bcsd_runs/production_v2
cf-grid-v2/MPI-ESM1-2-HR/ssp585/wind/R03C07,MPI-ESM1-2-HR,ssp585,wind,R03C07,final,16,16,16,0,0,True,2026-10-01T01:02:55+08:00,/work/share/aczlvkl1ac/bcsd_runs/production_v2
cf-grid-v2/MPI-ESM1-2-HR/ssp585/wind/R03C08,MPI-ESM1-2-HR,ssp585,wind,R03C08,final,16,16,16,0,0,True,2026-10-01T01:02:55+08:00,/work/share/aczlvkl1ac/bcsd_runs/production_v2
cf-grid-v2/MPI-ESM1-2-HR/ssp585/wind/R03C09,MPI-ESM1-2-HR,ssp585,wind,R03C09,final,16,16,16,0,0,True,2026-10-01T01:02:55+08:00,/work/share/aczlvkl1ac/bcsd_runs/production_v2
cf-grid-v2/MPI-ESM1-2-HR/ssp585/wind/R03C10,MPI-ESM1-2-HR,ssp585,wind,R03C10,final,16,16,16,0,0,True,2026-10-01T01:02:55+08:00,/work/share/aczlvkl1ac/bcsd_runs/production_v2
cf-grid-v2/MPI-ESM1-2-HR/ssp585/wind/R03C11,MPI-ESM1-2-HR,ssp585,wind,R03C11,blocks,16,0,0,0,0,True,2026-10-01T01:02:55+08:00,/work/share/aczlvkl1ac/bcsd_runs/production_v2
cf-grid-v2/MPI-ESM1-2-HR/ssp585/wind/R04C04,MPI-ESM1-2-HR,ssp585,wind,R04C04,final,16,16,16,0,0,True,2026-10-01T01:02:55+08:00,/work/share/aczlvkl1ac/bcsd_runs/production_v2
cf-grid-v2/MPI-ESM1-2-HR/ssp585/wind/R04C05,MPI-ESM1-2-HR,ssp585,wind,R04C05,final,16,16,16,0,0,True,2026-10-01T01:02:55+08:00,/work/share/aczlvkl1ac/bcsd_runs/production_v2
cf-grid-v2/MPI-ESM1-2-HR/ssp585/wind/R04C07,MPI-ESM1-2-HR,ssp585,wind,R04C07,final,16,16,16,0,0,True,2026-10-01T01:02:55+08:00,/work/share/aczlvkl1ac/bcsd_runs/production_v2
cf-grid-v2/MPI-ESM1-2-HR/ssp585/wind/R04C08,MPI-ESM1-2-HR,ssp585,wind,R04C08,final,16,16,16,0,0,True,2026-10-01T01:02:55+08:00,/work/share/aczlvkl1ac/bcsd_runs/production_v2
cf-grid-v2/MPI-ESM1-2-HR/ssp585/wind/R04C10,MPI-ESM1-2-HR,ssp585,wind,R04C10,final,16,16,16,0,0,True,2026-10-01T01:02:55+08:00,/work/share/aczlvkl1ac/bcsd_runs/production_v2
cf-grid-v2/MPI-ESM1-2-HR/ssp585/wind/R04C11,MPI-ESM1-2-HR,ssp585,wind,R04C11,final,16,16,16,0,0,True,2026-10-01T01:02:55+08:00,/work/share/aczlvkl1ac/bcsd_runs/production_v2
cf-grid-v2/MPI-ESM1-2-HR/ssp585/wind/R04C12,MPI-ESM1-2-HR,ssp585,wind,R04C12,final,16,16,16,0,0,True,2026-10-01T01:02:55+08:00,/work/share/aczlvkl1ac/bcsd_runs/production_v2
cf-grid-v2/MPI-ESM1-2-HR/ssp585/wind/R05C04,MPI-ESM1-2-HR,ssp585,wind,R05C04,final,16,16,16,0,0,True,2026-10-01T01:02:55+08:00,/work/share/aczlvkl1ac/bcsd_runs/production_v2
cf-grid-v2/MPI-ESM1-2-HR/ssp585/wind/R05C05,MPI-ESM1-2-HR,ssp585,wind,R05C05,blocks,16,0,0,0,0,True,2026-10-01T01:02:55+08:00,/work/share/aczlvkl1ac/bcsd_runs/production_v2
cf-grid-v2/MPI-ESM1-2-HR/ssp585/wind/R05C07,MPI-ESM1-2-HR,ssp585,wind,R05C07,final,16,16,16,0,0,True,2026-10-01T01:02:55+08:00,/work/share/aczlvkl1ac/bcsd_runs/production_v2
cf-grid-v2/MPI-ESM1-2-HR/ssp585/wind/R05C08,MPI-ESM1-2-HR,ssp585,wind,R05C08,blocks,16,0,0,0,0,True,2026-10-01T01:02:55+08:00,/work/share/aczlvkl1ac/bcsd_runs/production_v2
cf-grid-v2/MPI-ESM1-2-HR/ssp585/wind/R05C10,MPI-ESM1-2-HR,ssp585,wind,R05C10,blocks,16,0,0,0,0,True,2026-10-01T01:02:55+08:00,/work/share/aczlvkl1ac/bcsd_runs/production_v2
cf-grid-v2/MPI-ESM1-2-HR/ssp585/wind/R05C11,MPI-ESM1-2-HR,ssp585,wind,R05C11,blocks,16,0,0,0,0,True,2026-10-01T01:02:55+08:00,/work/share/aczlvkl1ac/bcsd_runs/production_v2
cf-grid-v2/MPI-ESM1-2-HR/ssp585/wind/R05C12,MPI-ESM1-2-HR,ssp585,wind,R05C12,blocks,16,0,0,0,0,True,2026-10-01T01:02:55+08:00,/work/share/aczlvkl1ac/bcsd_runs/production_v2
cf-grid-v2/MPI-ESM1-2-HR/ssp585/solar/R01C01,MPI-ESM1-2-HR,ssp585,solar,R01C01,final,32,32,32,0,0,True,2026-10-01T01:02:55+08:00,/work/share/aczlvkl1ac/bcsd_runs/production_v2
cf-grid-v2/MPI-ESM1-2-HR/ssp585/solar/R01C02,MPI-ESM1-2-HR,ssp585,solar,R01C02,final,32,32,32,0,0,True,2026-10-01T01:02:55+08:00,/work/share/aczlvkl1ac/bcsd_runs/production_v2
cf-grid-v2/MPI-ESM1-2-HR/ssp585/solar/R01C03,MPI-ESM1-2-HR,ssp585,solar,R01C03,final,32,32,32,0,0,True,2026-10-01T01:02:55+08:00,/work/share/aczlvkl1ac/bcsd_runs/production_v2
cf-grid-v2/MPI-ESM1-2-HR/ssp585/solar/R01C04,MPI-ESM1-2-HR,ssp585,solar,R01C04,final,32,32,32,0,0,True,2026-10-01T01:02:55+08:00,/work/share/aczlvkl1ac/bcsd_runs/production_v2
cf-grid-v2/MPI-ESM1-2-HR/ssp585/solar/R01C05,MPI-ESM1-2-HR,ssp585,solar,R01C05,final,32,32,32,0,0,True,2026-10-01T01:02:55+08:00,/work/share/aczlvkl1ac/bcsd_runs/production_v2
cf-grid-v2/MPI-ESM1-2-HR/ssp585/solar/R01C06,MPI-ESM1-2-HR,ssp585,solar,R01C06,blocks,32,0,0,0,0,True,2026-10-01T01:02:55+08:00,/work/share/aczlvkl1ac/bcsd_runs/production_v2
cf-grid-v2/MPI-ESM1-2-HR/ssp585/solar/R01C07,MPI-ESM1-2-HR,ssp585,solar,R01C07,final,32,32,32,0,0,True,2026-10-01T01:02:55+08:00,/work/share/aczlvkl1ac/bcsd_runs/production_v2
cf-grid-v2/MPI-ESM1-2-HR/ssp585/solar/R01C08,MPI-ESM1-2-HR,ssp585,solar,R01C08,final,32,32,32,0,0,True,2026-10-01T01:02:55+08:00,/work/share/aczlvkl1ac/bcsd_runs/production_v2
cf-grid-v2/MPI-ESM1-2-HR/ssp585/solar/R01C09,MPI-ESM1-2-HR,ssp585,solar,R01C09,final,32,32,32,0,0,True,2026-10-01T01:02:55+08:00,/work/share/aczlvkl1ac/bcsd_runs/production_v2
cf-grid-v2/MPI-ESM1-2-HR/ssp585/solar/R01C10,MPI-ESM1-2-HR,ssp585,solar,R01C10,final,32,32,32,0,0,True,2026-10-01T01:02:55+08:00,/work/share/aczlvkl1ac/bcsd_runs/production_v2
cf-grid-v2/MPI-ESM1-2-HR/ssp585/solar/R01C11,MPI-ESM1-2-HR,ssp585,solar,R01C11,final,32,32,32,0,0,True,2026-10-01T01:02:55+08:00,/work/share/aczlvkl1ac/bcsd_runs/production_v2
cf-grid-v2/MPI-ESM1-2-HR/ssp585/solar/R01C12,MPI-ESM1-2-HR,ssp585,solar,R01C12,final,32,32,32,0,0,True,2026-10-01T01:02:55+08:00,/work/share/aczlvkl1ac/bcsd_runs/production_v2
cf-grid-v2/MPI-ESM1-2-HR/ssp585/solar/R02C01,MPI-ESM1-2-HR,ssp585,solar,R02C01,blocks,32,0,0,0,0,True,2026-10-01T01:02:55+08:00,/work/share/aczlvkl1ac/bcsd_runs/production_v2
cf-grid-v2/MPI-ESM1-2-HR/ssp585/solar/R02C02,MPI-ESM1-2-HR,ssp585,solar,R02C02,final,32,32,32,0,0,True,2026-10-01T01:02:55+08:00,/work/share/aczlvkl1ac/bcsd_runs/production_v2
cf-grid-v2/MPI-ESM1-2-HR/ssp585/solar/R02C03,MPI-ESM1-2-HR,ssp585,solar,R02C03,final,32,32,32,0,0,True,2026-10-01T01:02:55+08:00,/work/share/aczlvkl1ac/bcsd_runs/production_v2
cf-grid-v2/MPI-ESM1-2-HR/ssp585/solar/R02C04,MPI-ESM1-2-HR,ssp585,solar,R02C04,final,32,32,32,0,0,True,2026-10-01T01:02:55+08:00,/work/share/aczlvkl1ac/bcsd_runs/production_v2
cf-grid-v2/MPI-ESM1-2-HR/ssp585/solar/R02C05,MPI-ESM1-2-HR,ssp585,solar,R02C05,blocks,32,0,0,0,0,True,2026-10-01T01:02:55+08:00,/work/share/aczlvkl1ac/bcsd_runs/production_v2
cf-grid-v2/MPI-ESM1-2-HR/ssp585/solar/R02C06,MPI-ESM1-2-HR,ssp585,solar,R02C06,final,32,32,32,0,0,True,2026-10-01T01:02:55+08:00,/work/share/aczlvkl1ac/bcsd_runs/production_v2
cf-grid-v2/MPI-ESM1-2-HR/ssp585/solar/R02C07,MPI-ESM1-2-HR,ssp585,solar,R02C07,final,32,32,32,0,0,True,2026-10-01T01:02:55+08:00,/work/share/aczlvkl1ac/bcsd_runs/production_v2
cf-grid-v2/MPI-ESM1-2-HR/ssp585/solar/R02C08,MPI-ESM1-2-HR,ssp585,solar,R02C08,final,32,32,32,0,0,True,2026-10-01T01:02:55+08:00,/work/share/aczlvkl1ac/bcsd_runs/production_v2
cf-grid-v2/MPI-ESM1-2-HR/ssp585/solar/R02C09,MPI-ESM1-2-HR,ssp585,solar,R02C09,final,32,32,32,0,0,True,2026-10-01T01:02:55+08:00,/work/share/aczlvkl1ac/bcsd_runs/production_v2
cf-grid-v2/MPI-ESM1-2-HR/ssp585/solar/R02C10,MPI-ESM1-2-HR,ssp585,solar,R02C10,final,32,32,32,0,0,True,2026-10-01T01:02:55+08:00,/work/share/aczlvkl1ac/bcsd_runs/production_v2
cf-grid-v2/MPI-ESM1-2-HR/ssp585/solar/R02C11,MPI-ESM1-2-HR,ssp585,solar,R02C11,final,32,32,32,0,0,True,2026-10-01T01:02:55+08:00,/work/share/aczlvkl1ac/bcsd_runs/production_v2
cf-grid-v2/MPI-ESM1-2-HR/ssp585/solar/R02C12,MPI-ESM1-2-HR,ssp585,solar,R02C12,final,32,32,32,0,0,True,2026-10-01T01:02:55+08:00,/work/share/aczlvkl1ac/bcsd_runs/production_v2
cf-grid-v2/MPI-ESM1-2-HR/ssp585/solar/R03C03,MPI-ESM1-2-HR,ssp585,solar,R03C03,blocks,32,0,0,0,0,True,2026-10-01T01:02:55+08:00,/work/share/aczlvkl1ac/bcsd_runs/production_v2
cf-grid-v2/MPI-ESM1-2-HR/ssp585/solar/R03C04,MPI-ESM1-2-HR,ssp585,solar,R03C04,final,32,24,24,0,0,True,2026-10-01T01:02:55+08:00,/work/share/aczlvkl1ac/bcsd_runs/production_v2
cf-grid-v2/MPI-ESM1-2-HR/ssp585/solar/R03C05,MPI-ESM1-2-HR,ssp585,solar,R03C05,final,32,32,32,0,0,True,2026-10-01T01:02:55+08:00,/work/share/aczlvkl1ac/bcsd_runs/production_v2
cf-grid-v2/MPI-ESM1-2-HR/ssp585/solar/R03C06,MPI-ESM1-2-HR,ssp585,solar,R03C06,final,32,32,32,0,0,True,2026-10-01T01:02:55+08:00,/work/share/aczlvkl1ac/bcsd_runs/production_v2
cf-grid-v2/MPI-ESM1-2-HR/ssp585/solar/R03C07,MPI-ESM1-2-HR,ssp585,solar,R03C07,final,32,32,32,0,0,True,2026-10-01T01:02:55+08:00,/work/share/aczlvkl1ac/bcsd_runs/production_v2
cf-grid-v2/MPI-ESM1-2-HR/ssp585/solar/R03C08,MPI-ESM1-2-HR,ssp585,solar,R03C08,final,32,32,32,0,0,True,2026-10-01T01:02:55+08:00,/work/share/aczlvkl1ac/bcsd_runs/production_v2
cf-grid-v2/MPI-ESM1-2-HR/ssp585/solar/R03C09,MPI-ESM1-2-HR,ssp585,solar,R03C09,final,32,32,32,0,0,True,2026-10-01T01:02:55+08:00,/work/share/aczlvkl1ac/bcsd_runs/production_v2
cf-grid-v2/MPI-ESM1-2-HR/ssp585/solar/R03C10,MPI-ESM1-2-HR,ssp585,solar,R03C10,final,32,32,32,0,0,True,2026-10-01T01:02:55+08:00,/work/share/aczlvkl1ac/bcsd_runs/production_v2
cf-grid-v2/MPI-ESM1-2-HR/ssp585/solar/R03C11,MPI-ESM1-2-HR,ssp585,solar,R03C11,blocks,32,0,0,0,0,True,2026-10-01T01:02:55+08:00,/work/share/aczlvkl1ac/bcsd_runs/production_v2
cf-grid-v2/MPI-ESM1-2-HR/ssp585/solar/R04C04,MPI-ESM1-2-HR,ssp585,solar,R04C04,final,32,32,32,0,0,True,2026-10-01T01:02:55+08:00,/work/share/aczlvkl1ac/bcsd_runs/production_v2
cf-grid-v2/MPI-ESM1-2-HR/ssp585/solar/R04C05,MPI-ESM1-2-HR,ssp585,solar,R04C05,final,32,32,32,0,0,True,2026-10-01T01:02:55+08:00,/work/share/aczlvkl1ac/bcsd_runs/production_v2
cf-grid-v2/MPI-ESM1-2-HR/ssp585/solar/R04C07,MPI-ESM1-2-HR,ssp585,solar,R04C07,final,32,32,32,0,0,True,2026-10-01T01:02:55+08:00,/work/share/aczlvkl1ac/bcsd_runs/production_v2
cf-grid-v2/MPI-ESM1-2-HR/ssp585/solar/R04C08,MPI-ESM1-2-HR,ssp585,solar,R04C08,final,32,32,32,0,0,True,2026-10-01T01:02:55+08:00,/work/share/aczlvkl1ac/bcsd_runs/production_v2
cf-grid-v2/MPI-ESM1-2-HR/ssp585/solar/R04C10,MPI-ESM1-2-HR,ssp585,solar,R04C10,final,32,32,32,0,0,True,2026-10-01T01:02:55+08:00,/work/share/aczlvkl1ac/bcsd_runs/production_v2
cf-grid-v2/MPI-ESM1-2-HR/ssp585/solar/R04C11,MPI-ESM1-2-HR,ssp585,solar,R04C11,final,32,32,32,0,0,True,2026-10-01T01:02:55+08:00,/work/share/aczlvkl1ac/bcsd_runs/production_v2
cf-grid-v2/MPI-ESM1-2-HR/ssp585/solar/R04C12,MPI-ESM1-2-HR,ssp585,solar,R04C12,final,32,32,32,0,0,True,2026-10-01T01:02:55+08:00,/work/share/aczlvkl1ac/bcsd_runs/production_v2
cf-grid-v2/MPI-ESM1-2-HR/ssp585/solar/R05C04,MPI-ESM1-2-HR,ssp585,solar,R05C04,final,32,32,32,0,0,True,2026-10-01T01:02:55+08:00,/work/share/aczlvkl1ac/bcsd_runs/production_v2
cf-grid-v2/MPI-ESM1-2-HR/ssp585/solar/R05C05,MPI-ESM1-2-HR,ssp585,solar,R05C05,blocks,32,0,0,0,0,True,2026-10-01T01:02:55+08:00,/work/share/aczlvkl1ac/bcsd_runs/production_v2
cf-grid-v2/MPI-ESM1-2-HR/ssp585/solar/R05C07,MPI-ESM1-2-HR,ssp585,solar,R05C07,final,32,32,32,0,0,True,2026-10-01T01:02:55+08:00,/work/share/aczlvkl1ac/bcsd_runs/production_v2
cf-grid-v2/MPI-ESM1-2-HR/ssp585/solar/R05C08,MPI-ESM1-2-HR,ssp585,solar,R05C08,blocks,32,0,0,0,0,True,2026-10-01T01:02:55+08:00,/work/share/aczlvkl1ac/bcsd_runs/production_v2
cf-grid-v2/MPI-ESM1-2-HR/ssp585/solar/R05C10,MPI-ESM1-2-HR,ssp585,solar,R05C10,final,32,8,8,0,0,True,2026-10-01T01:02:55+08:00,/work/share/aczlvkl1ac/bcsd_runs/production_v2
cf-grid-v2/MPI-ESM1-2-HR/ssp585/solar/R05C11,MPI-ESM1-2-HR,ssp585,solar,R05C11,blocks,32,0,0,0,0,True,2026-10-01T01:02:55+08:00,/work/share/aczlvkl1ac/bcsd_runs/production_v2
cf-grid-v2/MPI-ESM1-2-HR/ssp585/solar/R05C12,MPI-ESM1-2-HR,ssp585,solar,R05C12,blocks,32,0,0,0,0,True,2026-10-01T01:02:55+08:00,/work/share/aczlvkl1ac/bcsd_runs/production_v2
cf-grid-v2/MRI-ESM2-0/ssp126/wind/R01C01,MRI-ESM2-0,ssp126,wind,R01C01,blocks,16,0,0,0,0,True,2026-10-01T01:02:55+08:00,/work/share/aczlvkl1ac/bcsd_runs/production_v2
cf-grid-v2/MRI-ESM2-0/ssp126/wind/R01C02,MRI-ESM2-0,ssp126,wind,R01C02,blocks,16,0,0,0,0,True,2026-10-01T01:02:55+08:00,/work/share/aczlvkl1ac/bcsd_runs/production_v2
cf-grid-v2/MRI-ESM2-0/ssp126/wind/R01C03,MRI-ESM2-0,ssp126,wind,R01C03,blocks,16,0,0,0,0,True,2026-10-01T01:02:55+08:00,/work/share/aczlvkl1ac/bcsd_runs/production_v2
cf-grid-v2/MRI-ESM2-0/ssp126/wind/R01C04,MRI-ESM2-0,ssp126,wind,R01C04,blocks,16,0,0,0,0,True,2026-10-01T01:02:55+08:00,/work/share/aczlvkl1ac/bcsd_runs/production_v2
cf-grid-v2/MRI-ESM2-0/ssp126/wind/R01C05,MRI-ESM2-0,ssp126,wind,R01C05,blocks,16,0,0,0,0,True,2026-10-01T01:02:55+08:00,/work/share/aczlvkl1ac/bcsd_runs/production_v2
cf-grid-v2/MRI-ESM2-0/ssp126/wind/R01C06,MRI-ESM2-0,ssp126,wind,R01C06,blocks,16,0,0,0,0,True,2026-10-01T01:02:55+08:00,/work/share/aczlvkl1ac/bcsd_runs/production_v2
cf-grid-v2/MRI-ESM2-0/ssp126/wind/R01C07,MRI-ESM2-0,ssp126,wind,R01C07,blocks,16,0,0,0,0,True,2026-10-01T01:02:55+08:00,/work/share/aczlvkl1ac/bcsd_runs/production_v2
cf-grid-v2/MRI-ESM2-0/ssp126/wind/R01C08,MRI-ESM2-0,ssp126,wind,R01C08,blocks,16,0,0,0,0,True,2026-10-01T01:02:55+08:00,/work/share/aczlvkl1ac/bcsd_runs/production_v2
cf-grid-v2/MRI-ESM2-0/ssp126/wind/R01C09,MRI-ESM2-0,ssp126,wind,R01C09,blocks,16,0,0,0,0,True,2026-10-01T01:02:55+08:00,/work/share/aczlvkl1ac/bcsd_runs/production_v2
cf-grid-v2/MRI-ESM2-0/ssp126/wind/R01C10,MRI-ESM2-0,ssp126,wind,R01C10,blocks,16,0,0,0,0,True,2026-10-01T01:02:55+08:00,/work/share/aczlvkl1ac/bcsd_runs/production_v2
cf-grid-v2/MRI-ESM2-0/ssp126/wind/R01C11,MRI-ESM2-0,ssp126,wind,R01C11,blocks,16,0,0,0,0,True,2026-10-01T01:02:55+08:00,/work/share/aczlvkl1ac/bcsd_runs/production_v2
cf-grid-v2/MRI-ESM2-0/ssp126/wind/R01C12,MRI-ESM2-0,ssp126,wind,R01C12,blocks,16,0,0,0,0,True,2026-10-01T01:02:55+08:00,/work/share/aczlvkl1ac/bcsd_runs/production_v2
cf-grid-v2/MRI-ESM2-0/ssp126/wind/R02C01,MRI-ESM2-0,ssp126,wind,R02C01,blocks,16,0,0,0,0,True,2026-10-01T01:02:55+08:00,/work/share/aczlvkl1ac/bcsd_runs/production_v2
cf-grid-v2/MRI-ESM2-0/ssp126/wind/R02C02,MRI-ESM2-0,ssp126,wind,R02C02,blocks,16,0,0,0,0,True,2026-10-01T01:02:55+08:00,/work/share/aczlvkl1ac/bcsd_runs/production_v2
cf-grid-v2/MRI-ESM2-0/ssp126/wind/R02C03,MRI-ESM2-0,ssp126,wind,R02C03,blocks,16,0,0,0,0,True,2026-10-01T01:02:55+08:00,/work/share/aczlvkl1ac/bcsd_runs/production_v2
cf-grid-v2/MRI-ESM2-0/ssp126/wind/R02C04,MRI-ESM2-0,ssp126,wind,R02C04,blocks,16,0,0,0,0,True,2026-10-01T01:02:55+08:00,/work/share/aczlvkl1ac/bcsd_runs/production_v2
cf-grid-v2/MRI-ESM2-0/ssp126/wind/R02C05,MRI-ESM2-0,ssp126,wind,R02C05,blocks,16,0,0,0,0,True,2026-10-01T01:02:55+08:00,/work/share/aczlvkl1ac/bcsd_runs/production_v2
cf-grid-v2/MRI-ESM2-0/ssp126/wind/R02C06,MRI-ESM2-0,ssp126,wind,R02C06,blocks,16,0,0,0,0,True,2026-10-01T01:02:55+08:00,/work/share/aczlvkl1ac/bcsd_runs/production_v2
cf-grid-v2/MRI-ESM2-0/ssp126/wind/R02C07,MRI-ESM2-0,ssp126,wind,R02C07,blocks,16,0,0,0,0,True,2026-10-01T01:02:55+08:00,/work/share/aczlvkl1ac/bcsd_runs/production_v2
cf-grid-v2/MRI-ESM2-0/ssp126/wind/R02C08,MRI-ESM2-0,ssp126,wind,R02C08,blocks,16,0,0,0,0,True,2026-10-01T01:02:55+08:00,/work/share/aczlvkl1ac/bcsd_runs/production_v2
cf-grid-v2/MRI-ESM2-0/ssp126/wind/R02C09,MRI-ESM2-0,ssp126,wind,R02C09,blocks,16,0,0,0,0,True,2026-10-01T01:02:55+08:00,/work/share/aczlvkl1ac/bcsd_runs/production_v2
cf-grid-v2/MRI-ESM2-0/ssp126/wind/R02C10,MRI-ESM2-0,ssp126,wind,R02C10,blocks,16,0,0,0,0,True,2026-10-01T01:02:55+08:00,/work/share/aczlvkl1ac/bcsd_runs/production_v2
cf-grid-v2/MRI-ESM2-0/ssp126/wind/R02C11,MRI-ESM2-0,ssp126,wind,R02C11,blocks,16,0,0,0,0,True,2026-10-01T01:02:55+08:00,/work/share/aczlvkl1ac/bcsd_runs/production_v2
cf-grid-v2/MRI-ESM2-0/ssp126/wind/R02C12,MRI-ESM2-0,ssp126,wind,R02C12,blocks,16,0,0,0,0,True,2026-10-01T01:02:55+08:00,/work/share/aczlvkl1ac/bcsd_runs/production_v2
cf-grid-v2/MRI-ESM2-0/ssp126/wind/R03C03,MRI-ESM2-0,ssp126,wind,R03C03,blocks,16,0,0,0,0,True,2026-10-01T01:02:55+08:00,/work/share/aczlvkl1ac/bcsd_runs/production_v2
cf-grid-v2/MRI-ESM2-0/ssp126/wind/R03C04,MRI-ESM2-0,ssp126,wind,R03C04,blocks,16,0,0,0,0,True,2026-10-01T01:02:55+08:00,/work/share/aczlvkl1ac/bcsd_runs/production_v2
cf-grid-v2/MRI-ESM2-0/ssp126/wind/R03C05,MRI-ESM2-0,ssp126,wind,R03C05,blocks,16,0,0,0,0,True,2026-10-01T01:02:55+08:00,/work/share/aczlvkl1ac/bcsd_runs/production_v2
cf-grid-v2/MRI-ESM2-0/ssp126/wind/R03C06,MRI-ESM2-0,ssp126,wind,R03C06,blocks,16,0,0,0,0,True,2026-10-01T01:02:55+08:00,/work/share/aczlvkl1ac/bcsd_runs/production_v2
cf-grid-v2/MRI-ESM2-0/ssp126/wind/R03C07,MRI-ESM2-0,ssp126,wind,R03C07,blocks,16,0,0,0,0,True,2026-10-01T01:02:55+08:00,/work/share/aczlvkl1ac/bcsd_runs/production_v2
cf-grid-v2/MRI-ESM2-0/ssp126/wind/R03C08,MRI-ESM2-0,ssp126,wind,R03C08,blocks,16,0,0,0,0,True,2026-10-01T01:02:55+08:00,/work/share/aczlvkl1ac/bcsd_runs/production_v2
cf-grid-v2/MRI-ESM2-0/ssp126/wind/R03C09,MRI-ESM2-0,ssp126,wind,R03C09,blocks,16,0,0,0,0,True,2026-10-01T01:02:55+08:00,/work/share/aczlvkl1ac/bcsd_runs/production_v2
cf-grid-v2/MRI-ESM2-0/ssp126/wind/R03C10,MRI-ESM2-0,ssp126,wind,R03C10,blocks,16,0,0,0,0,True,2026-10-01T01:02:55+08:00,/work/share/aczlvkl1ac/bcsd_runs/production_v2
cf-grid-v2/MRI-ESM2-0/ssp126/wind/R03C11,MRI-ESM2-0,ssp126,wind,R03C11,blocks,16,0,0,0,0,True,2026-10-01T01:02:55+08:00,/work/share/aczlvkl1ac/bcsd_runs/production_v2
cf-grid-v2/MRI-ESM2-0/ssp126/wind/R04C04,MRI-ESM2-0,ssp126,wind,R04C04,blocks,16,0,0,0,0,True,2026-10-01T01:02:55+08:00,/work/share/aczlvkl1ac/bcsd_runs/production_v2
cf-grid-v2/MRI-ESM2-0/ssp126/wind/R04C05,MRI-ESM2-0,ssp126,wind,R04C05,blocks,16,0,0,0,0,True,2026-10-01T01:02:55+08:00,/work/share/aczlvkl1ac/bcsd_runs/production_v2
cf-grid-v2/MRI-ESM2-0/ssp126/wind/R04C07,MRI-ESM2-0,ssp126,wind,R04C07,blocks,16,0,0,0,0,True,2026-10-01T01:02:55+08:00,/work/share/aczlvkl1ac/bcsd_runs/production_v2
cf-grid-v2/MRI-ESM2-0/ssp126/wind/R04C08,MRI-ESM2-0,ssp126,wind,R04C08,blocks,16,0,0,0,0,True,2026-10-01T01:02:55+08:00,/work/share/aczlvkl1ac/bcsd_runs/production_v2
cf-grid-v2/MRI-ESM2-0/ssp126/wind/R04C10,MRI-ESM2-0,ssp126,wind,R04C10,blocks,16,0,0,0,0,True,2026-10-01T01:02:55+08:00,/work/share/aczlvkl1ac/bcsd_runs/production_v2
cf-grid-v2/MRI-ESM2-0/ssp126/wind/R04C11,MRI-ESM2-0,ssp126,wind,R04C11,blocks,16,0,0,0,0,True,2026-10-01T01:02:55+08:00,/work/share/aczlvkl1ac/bcsd_runs/production_v2
cf-grid-v2/MRI-ESM2-0/ssp126/wind/R04C12,MRI-ESM2-0,ssp126,wind,R04C12,blocks,16,0,0,0,0,True,2026-10-01T01:02:55+08:00,/work/share/aczlvkl1ac/bcsd_runs/production_v2
cf-grid-v2/MRI-ESM2-0/ssp126/wind/R05C04,MRI-ESM2-0,ssp126,wind,R05C04,blocks,16,0,0,0,0,True,2026-10-01T01:02:55+08:00,/work/share/aczlvkl1ac/bcsd_runs/production_v2
cf-grid-v2/MRI-ESM2-0/ssp126/wind/R05C05,MRI-ESM2-0,ssp126,wind,R05C05,blocks,16,0,0,0,0,True,2026-10-01T01:02:55+08:00,/work/share/aczlvkl1ac/bcsd_runs/production_v2
cf-grid-v2/MRI-ESM2-0/ssp126/wind/R05C07,MRI-ESM2-0,ssp126,wind,R05C07,blocks,16,0,0,0,0,True,2026-10-01T01:02:55+08:00,/work/share/aczlvkl1ac/bcsd_runs/production_v2
cf-grid-v2/MRI-ESM2-0/ssp126/wind/R05C08,MRI-ESM2-0,ssp126,wind,R05C08,blocks,16,0,0,0,0,True,2026-10-01T01:02:55+08:00,/work/share/aczlvkl1ac/bcsd_runs/production_v2
cf-grid-v2/MRI-ESM2-0/ssp126/wind/R05C10,MRI-ESM2-0,ssp126,wind,R05C10,blocks,16,0,0,0,0,True,2026-10-01T01:02:55+08:00,/work/share/aczlvkl1ac/bcsd_runs/production_v2
cf-grid-v2/MRI-ESM2-0/ssp126/wind/R05C11,MRI-ESM2-0,ssp126,wind,R05C11,blocks,16,0,0,0,0,True,2026-10-01T01:02:55+08:00,/work/share/aczlvkl1ac/bcsd_runs/production_v2
cf-grid-v2/MRI-ESM2-0/ssp126/wind/R05C12,MRI-ESM2-0,ssp126,wind,R05C12,blocks,16,0,0,0,0,True,2026-10-01T01:02:55+08:00,/work/share/aczlvkl1ac/bcsd_runs/production_v2
cf-grid-v2/MRI-ESM2-0/ssp126/solar/R01C01,MRI-ESM2-0,ssp126,solar,R01C01,blocks,32,0,0,0,0,True,2026-10-01T01:02:55+08:00,/work/share/aczlvkl1ac/bcsd_runs/production_v2
cf-grid-v2/MRI-ESM2-0/ssp126/solar/R01C02,MRI-ESM2-0,ssp126,solar,R01C02,blocks,32,0,0,0,0,True,2026-10-01T01:02:55+08:00,/work/share/aczlvkl1ac/bcsd_runs/production_v2
cf-grid-v2/MRI-ESM2-0/ssp126/solar/R01C03,MRI-ESM2-0,ssp126,solar,R01C03,blocks,32,0,0,0,0,True,2026-10-01T01:02:55+08:00,/work/share/aczlvkl1ac/bcsd_runs/production_v2
cf-grid-v2/MRI-ESM2-0/ssp126/solar/R01C04,MRI-ESM2-0,ssp126,solar,R01C04,blocks,32,0,0,0,0,True,2026-10-01T01:02:55+08:00,/work/share/aczlvkl1ac/bcsd_runs/production_v2
cf-grid-v2/MRI-ESM2-0/ssp126/solar/R01C05,MRI-ESM2-0,ssp126,solar,R01C05,blocks,32,0,0,0,0,True,2026-10-01T01:02:55+08:00,/work/share/aczlvkl1ac/bcsd_runs/production_v2
cf-grid-v2/MRI-ESM2-0/ssp126/solar/R01C06,MRI-ESM2-0,ssp126,solar,R01C06,blocks,32,0,0,0,0,True,2026-10-01T01:02:55+08:00,/work/share/aczlvkl1ac/bcsd_runs/production_v2
cf-grid-v2/MRI-ESM2-0/ssp126/solar/R01C07,MRI-ESM2-0,ssp126,solar,R01C07,blocks,32,0,0,0,0,True,2026-10-01T01:02:55+08:00,/work/share/aczlvkl1ac/bcsd_runs/production_v2
cf-grid-v2/MRI-ESM2-0/ssp126/solar/R01C08,MRI-ESM2-0,ssp126,solar,R01C08,blocks,32,0,0,0,0,True,2026-10-01T01:02:55+08:00,/work/share/aczlvkl1ac/bcsd_runs/production_v2
cf-grid-v2/MRI-ESM2-0/ssp126/solar/R01C09,MRI-ESM2-0,ssp126,solar,R01C09,blocks,32,0,0,0,0,True,2026-10-01T01:02:55+08:00,/work/share/aczlvkl1ac/bcsd_runs/production_v2
cf-grid-v2/MRI-ESM2-0/ssp126/solar/R01C10,MRI-ESM2-0,ssp126,solar,R01C10,blocks,32,0,0,0,0,True,2026-10-01T01:02:55+08:00,/work/share/aczlvkl1ac/bcsd_runs/production_v2
cf-grid-v2/MRI-ESM2-0/ssp126/solar/R01C11,MRI-ESM2-0,ssp126,solar,R01C11,blocks,32,0,0,0,0,True,2026-10-01T01:02:55+08:00,/work/share/aczlvkl1ac/bcsd_runs/production_v2
cf-grid-v2/MRI-ESM2-0/ssp126/solar/R01C12,MRI-ESM2-0,ssp126,solar,R01C12,blocks,32,0,0,0,0,True,2026-10-01T01:02:55+08:00,/work/share/aczlvkl1ac/bcsd_runs/production_v2
cf-grid-v2/MRI-ESM2-0/ssp126/solar/R02C01,MRI-ESM2-0,ssp126,solar,R02C01,blocks,32,0,0,0,0,True,2026-10-01T01:02:55+08:00,/work/share/aczlvkl1ac/bcsd_runs/production_v2
cf-grid-v2/MRI-ESM2-0/ssp126/solar/R02C02,MRI-ESM2-0,ssp126,solar,R02C02,blocks,32,0,0,0,0,True,2026-10-01T01:02:55+08:00,/work/share/aczlvkl1ac/bcsd_runs/production_v2
cf-grid-v2/MRI-ESM2-0/ssp126/solar/R02C03,MRI-ESM2-0,ssp126,solar,R02C03,blocks,32,0,0,0,0,True,2026-10-01T01:02:55+08:00,/work/share/aczlvkl1ac/bcsd_runs/production_v2
cf-grid-v2/MRI-ESM2-0/ssp126/solar/R02C04,MRI-ESM2-0,ssp126,solar,R02C04,blocks,32,0,0,0,0,True,2026-10-01T01:02:55+08:00,/work/share/aczlvkl1ac/bcsd_runs/production_v2
cf-grid-v2/MRI-ESM2-0/ssp126/solar/R02C05,MRI-ESM2-0,ssp126,solar,R02C05,blocks,32,0,0,0,0,True,2026-10-01T01:02:55+08:00,/work/share/aczlvkl1ac/bcsd_runs/production_v2
cf-grid-v2/MRI-ESM2-0/ssp126/solar/R02C06,MRI-ESM2-0,ssp126,solar,R02C06,blocks,32,0,0,0,0,True,2026-10-01T01:02:55+08:00,/work/share/aczlvkl1ac/bcsd_runs/production_v2
cf-grid-v2/MRI-ESM2-0/ssp126/solar/R02C07,MRI-ESM2-0,ssp126,solar,R02C07,blocks,32,0,0,0,0,True,2026-10-01T01:02:55+08:00,/work/share/aczlvkl1ac/bcsd_runs/production_v2
cf-grid-v2/MRI-ESM2-0/ssp126/solar/R02C08,MRI-ESM2-0,ssp126,solar,R02C08,blocks,32,0,0,0,0,True,2026-10-01T01:02:55+08:00,/work/share/aczlvkl1ac/bcsd_runs/production_v2
cf-grid-v2/MRI-ESM2-0/ssp126/solar/R02C09,MRI-ESM2-0,ssp126,solar,R02C09,blocks,32,0,0,0,0,True,2026-10-01T01:02:55+08:00,/work/share/aczlvkl1ac/bcsd_runs/production_v2
cf-grid-v2/MRI-ESM2-0/ssp126/solar/R02C10,MRI-ESM2-0,ssp126,solar,R02C10,blocks,32,0,0,0,0,True,2026-10-01T01:02:55+08:00,/work/share/aczlvkl1ac/bcsd_runs/production_v2
cf-grid-v2/MRI-ESM2-0/ssp126/solar/R02C11,MRI-ESM2-0,ssp126,solar,R02C11,blocks,32,0,0,0,0,True,2026-10-01T01:02:55+08:00,/work/share/aczlvkl1ac/bcsd_runs/production_v2
cf-grid-v2/MRI-ESM2-0/ssp126/solar/R02C12,MRI-ESM2-0,ssp126,solar,R02C12,blocks,32,0,0,0,0,True,2026-10-01T01:02:55+08:00,/work/share/aczlvkl1ac/bcsd_runs/production_v2
cf-grid-v2/MRI-ESM2-0/ssp126/solar/R03C03,MRI-ESM2-0,ssp126,solar,R03C03,blocks,32,0,0,0,0,True,2026-10-01T01:02:55+08:00,/work/share/aczlvkl1ac/bcsd_runs/production_v2
cf-grid-v2/MRI-ESM2-0/ssp126/solar/R03C04,MRI-ESM2-0,ssp126,solar,R03C04,blocks,32,0,0,0,0,True,2026-10-01T01:02:55+08:00,/work/share/aczlvkl1ac/bcsd_runs/production_v2
cf-grid-v2/MRI-ESM2-0/ssp126/solar/R03C05,MRI-ESM2-0,ssp126,solar,R03C05,blocks,32,0,0,0,0,True,2026-10-01T01:02:55+08:00,/work/share/aczlvkl1ac/bcsd_runs/production_v2
cf-grid-v2/MRI-ESM2-0/ssp126/solar/R03C06,MRI-ESM2-0,ssp126,solar,R03C06,blocks,32,0,0,0,0,True,2026-10-01T01:02:55+08:00,/work/share/aczlvkl1ac/bcsd_runs/production_v2
cf-grid-v2/MRI-ESM2-0/ssp126/solar/R03C07,MRI-ESM2-0,ssp126,solar,R03C07,blocks,32,0,0,0,0,True,2026-10-01T01:02:55+08:00,/work/share/aczlvkl1ac/bcsd_runs/production_v2
cf-grid-v2/MRI-ESM2-0/ssp126/solar/R03C08,MRI-ESM2-0,ssp126,solar,R03C08,blocks,32,0,0,0,0,True,2026-10-01T01:02:55+08:00,/work/share/aczlvkl1ac/bcsd_runs/production_v2
cf-grid-v2/MRI-ESM2-0/ssp126/solar/R03C09,MRI-ESM2-0,ssp126,solar,R03C09,blocks,32,0,0,0,0,True,2026-10-01T01:02:55+08:00,/work/share/aczlvkl1ac/bcsd_runs/production_v2
cf-grid-v2/MRI-ESM2-0/ssp126/solar/R03C10,MRI-ESM2-0,ssp126,solar,R03C10,blocks,32,0,0,0,0,True,2026-10-01T01:02:55+08:00,/work/share/aczlvkl1ac/bcsd_runs/production_v2
cf-grid-v2/MRI-ESM2-0/ssp126/solar/R03C11,MRI-ESM2-0,ssp126,solar,R03C11,blocks,32,0,0,0,0,True,2026-10-01T01:02:55+08:00,/work/share/aczlvkl1ac/bcsd_runs/production_v2
cf-grid-v2/MRI-ESM2-0/ssp126/solar/R04C04,MRI-ESM2-0,ssp126,solar,R04C04,blocks,32,0,0,0,0,True,2026-10-01T01:02:55+08:00,/work/share/aczlvkl1ac/bcsd_runs/production_v2
cf-grid-v2/MRI-ESM2-0/ssp126/solar/R04C05,MRI-ESM2-0,ssp126,solar,R04C05,blocks,32,0,0,0,0,True,2026-10-01T01:02:55+08:00,/work/share/aczlvkl1ac/bcsd_runs/production_v2
cf-grid-v2/MRI-ESM2-0/ssp126/solar/R04C07,MRI-ESM2-0,ssp126,solar,R04C07,blocks,32,0,0,0,0,True,2026-10-01T01:02:55+08:00,/work/share/aczlvkl1ac/bcsd_runs/production_v2
cf-grid-v2/MRI-ESM2-0/ssp126/solar/R04C08,MRI-ESM2-0,ssp126,solar,R04C08,blocks,32,0,0,0,0,True,2026-10-01T01:02:55+08:00,/work/share/aczlvkl1ac/bcsd_runs/production_v2
cf-grid-v2/MRI-ESM2-0/ssp126/solar/R04C10,MRI-ESM2-0,ssp126,solar,R04C10,blocks,32,0,0,0,0,True,2026-10-01T01:02:55+08:00,/work/share/aczlvkl1ac/bcsd_runs/production_v2
cf-grid-v2/MRI-ESM2-0/ssp126/solar/R04C11,MRI-ESM2-0,ssp126,solar,R04C11,blocks,32,0,0,0,0,True,2026-10-01T01:02:55+08:00,/work/share/aczlvkl1ac/bcsd_runs/production_v2
cf-grid-v2/MRI-ESM2-0/ssp126/solar/R04C12,MRI-ESM2-0,ssp126,solar,R04C12,blocks,32,0,0,0,0,True,2026-10-01T01:02:55+08:00,/work/share/aczlvkl1ac/bcsd_runs/production_v2
cf-grid-v2/MRI-ESM2-0/ssp126/solar/R05C04,MRI-ESM2-0,ssp126,solar,R05C04,blocks,32,0,0,0,0,True,2026-10-01T01:02:55+08:00,/work/share/aczlvkl1ac/bcsd_runs/production_v2
cf-grid-v2/MRI-ESM2-0/ssp126/solar/R05C05,MRI-ESM2-0,ssp126,solar,R05C05,blocks,32,0,0,0,0,True,2026-10-01T01:02:55+08:00,/work/share/aczlvkl1ac/bcsd_runs/production_v2
cf-grid-v2/MRI-ESM2-0/ssp126/solar/R05C07,MRI-ESM2-0,ssp126,solar,R05C07,blocks,32,0,0,0,0,True,2026-10-01T01:02:55+08:00,/work/share/aczlvkl1ac/bcsd_runs/production_v2
cf-grid-v2/MRI-ESM2-0/ssp126/solar/R05C08,MRI-ESM2-0,ssp126,solar,R05C08,blocks,32,0,0,0,0,True,2026-10-01T01:02:55+08:00,/work/share/aczlvkl1ac/bcsd_runs/production_v2
cf-grid-v2/MRI-ESM2-0/ssp126/solar/R05C10,MRI-ESM2-0,ssp126,solar,R05C10,blocks,32,0,0,0,0,True,2026-10-01T01:02:55+08:00,/work/share/aczlvkl1ac/bcsd_runs/production_v2
cf-grid-v2/MRI-ESM2-0/ssp126/solar/R05C11,MRI-ESM2-0,ssp126,solar,R05C11,blocks,32,0,0,0,0,True,2026-10-01T01:02:55+08:00,/work/share/aczlvkl1ac/bcsd_runs/production_v2
cf-grid-v2/MRI-ESM2-0/ssp126/solar/R05C12,MRI-ESM2-0,ssp126,solar,R05C12,blocks,32,0,0,0,0,True,2026-10-01T01:02:55+08:00,/work/share/aczlvkl1ac/bcsd_runs/production_v2
cf-grid-v2/MRI-ESM2-0/ssp245/wind/R01C01,MRI-ESM2-0,ssp245,wind,R01C01,blocks,16,0,0,0,0,True,2026-10-01T01:02:55+08:00,/work/share/aczlvkl1ac/bcsd_runs/production_v2
cf-grid-v2/MRI-ESM2-0/ssp245/wind/R01C02,MRI-ESM2-0,ssp245,wind,R01C02,blocks,16,0,0,0,0,True,2026-10-01T01:02:55+08:00,/work/share/aczlvkl1ac/bcsd_runs/production_v2
cf-grid-v2/MRI-ESM2-0/ssp245/wind/R01C03,MRI-ESM2-0,ssp245,wind,R01C03,blocks,16,0,0,0,0,True,2026-10-01T01:02:55+08:00,/work/share/aczlvkl1ac/bcsd_runs/production_v2
cf-grid-v2/MRI-ESM2-0/ssp245/wind/R01C04,MRI-ESM2-0,ssp245,wind,R01C04,blocks,16,0,0,0,0,True,2026-10-01T01:02:55+08:00,/work/share/aczlvkl1ac/bcsd_runs/production_v2
cf-grid-v2/MRI-ESM2-0/ssp245/wind/R01C05,MRI-ESM2-0,ssp245,wind,R01C05,blocks,16,0,0,0,0,True,2026-10-01T01:02:55+08:00,/work/share/aczlvkl1ac/bcsd_runs/production_v2
cf-grid-v2/MRI-ESM2-0/ssp245/wind/R01C06,MRI-ESM2-0,ssp245,wind,R01C06,blocks,16,0,0,0,0,True,2026-10-01T01:02:55+08:00,/work/share/aczlvkl1ac/bcsd_runs/production_v2
cf-grid-v2/MRI-ESM2-0/ssp245/wind/R01C07,MRI-ESM2-0,ssp245,wind,R01C07,blocks,16,0,0,0,0,True,2026-10-01T01:02:55+08:00,/work/share/aczlvkl1ac/bcsd_runs/production_v2
cf-grid-v2/MRI-ESM2-0/ssp245/wind/R01C08,MRI-ESM2-0,ssp245,wind,R01C08,blocks,16,0,0,0,0,True,2026-10-01T01:02:55+08:00,/work/share/aczlvkl1ac/bcsd_runs/production_v2
cf-grid-v2/MRI-ESM2-0/ssp245/wind/R01C09,MRI-ESM2-0,ssp245,wind,R01C09,blocks,16,0,0,0,0,True,2026-10-01T01:02:55+08:00,/work/share/aczlvkl1ac/bcsd_runs/production_v2
cf-grid-v2/MRI-ESM2-0/ssp245/wind/R01C10,MRI-ESM2-0,ssp245,wind,R01C10,blocks,16,0,0,0,0,True,2026-10-01T01:02:55+08:00,/work/share/aczlvkl1ac/bcsd_runs/production_v2
cf-grid-v2/MRI-ESM2-0/ssp245/wind/R01C11,MRI-ESM2-0,ssp245,wind,R01C11,blocks,16,0,0,0,0,True,2026-10-01T01:02:55+08:00,/work/share/aczlvkl1ac/bcsd_runs/production_v2
cf-grid-v2/MRI-ESM2-0/ssp245/wind/R01C12,MRI-ESM2-0,ssp245,wind,R01C12,blocks,16,0,0,0,0,True,2026-10-01T01:02:55+08:00,/work/share/aczlvkl1ac/bcsd_runs/production_v2
cf-grid-v2/MRI-ESM2-0/ssp245/wind/R02C01,MRI-ESM2-0,ssp245,wind,R02C01,blocks,16,0,0,0,0,True,2026-10-01T01:02:55+08:00,/work/share/aczlvkl1ac/bcsd_runs/production_v2
cf-grid-v2/MRI-ESM2-0/ssp245/wind/R02C02,MRI-ESM2-0,ssp245,wind,R02C02,blocks,16,0,0,0,0,True,2026-10-01T01:02:55+08:00,/work/share/aczlvkl1ac/bcsd_runs/production_v2
cf-grid-v2/MRI-ESM2-0/ssp245/wind/R02C03,MRI-ESM2-0,ssp245,wind,R02C03,blocks,16,0,0,0,0,True,2026-10-01T01:02:55+08:00,/work/share/aczlvkl1ac/bcsd_runs/production_v2
cf-grid-v2/MRI-ESM2-0/ssp245/wind/R02C04,MRI-ESM2-0,ssp245,wind,R02C04,blocks,16,0,0,0,0,True,2026-10-01T01:02:55+08:00,/work/share/aczlvkl1ac/bcsd_runs/production_v2
cf-grid-v2/MRI-ESM2-0/ssp245/wind/R02C05,MRI-ESM2-0,ssp245,wind,R02C05,blocks,16,0,0,0,0,True,2026-10-01T01:02:55+08:00,/work/share/aczlvkl1ac/bcsd_runs/production_v2
cf-grid-v2/MRI-ESM2-0/ssp245/wind/R02C06,MRI-ESM2-0,ssp245,wind,R02C06,blocks,16,0,0,0,0,True,2026-10-01T01:02:55+08:00,/work/share/aczlvkl1ac/bcsd_runs/production_v2
cf-grid-v2/MRI-ESM2-0/ssp245/wind/R02C07,MRI-ESM2-0,ssp245,wind,R02C07,blocks,16,0,0,0,0,True,2026-10-01T01:02:55+08:00,/work/share/aczlvkl1ac/bcsd_runs/production_v2
cf-grid-v2/MRI-ESM2-0/ssp245/wind/R02C08,MRI-ESM2-0,ssp245,wind,R02C08,blocks,16,0,0,0,0,True,2026-10-01T01:02:55+08:00,/work/share/aczlvkl1ac/bcsd_runs/production_v2
cf-grid-v2/MRI-ESM2-0/ssp245/wind/R02C09,MRI-ESM2-0,ssp245,wind,R02C09,blocks,16,0,0,0,0,True,2026-10-01T01:02:55+08:00,/work/share/aczlvkl1ac/bcsd_runs/production_v2
cf-grid-v2/MRI-ESM2-0/ssp245/wind/R02C10,MRI-ESM2-0,ssp245,wind,R02C10,blocks,16,0,0,0,0,True,2026-10-01T01:02:55+08:00,/work/share/aczlvkl1ac/bcsd_runs/production_v2
cf-grid-v2/MRI-ESM2-0/ssp245/wind/R02C11,MRI-ESM2-0,ssp245,wind,R02C11,blocks,16,0,0,0,0,True,2026-10-01T01:02:55+08:00,/work/share/aczlvkl1ac/bcsd_runs/production_v2
cf-grid-v2/MRI-ESM2-0/ssp245/wind/R02C12,MRI-ESM2-0,ssp245,wind,R02C12,blocks,16,0,0,0,0,True,2026-10-01T01:02:55+08:00,/work/share/aczlvkl1ac/bcsd_runs/production_v2
cf-grid-v2/MRI-ESM2-0/ssp245/wind/R03C03,MRI-ESM2-0,ssp245,wind,R03C03,blocks,16,0,0,0,0,True,2026-10-01T01:02:55+08:00,/work/share/aczlvkl1ac/bcsd_runs/production_v2
cf-grid-v2/MRI-ESM2-0/ssp245/wind/R03C04,MRI-ESM2-0,ssp245,wind,R03C04,blocks,16,0,0,0,0,True,2026-10-01T01:02:55+08:00,/work/share/aczlvkl1ac/bcsd_runs/production_v2
cf-grid-v2/MRI-ESM2-0/ssp245/wind/R03C05,MRI-ESM2-0,ssp245,wind,R03C05,blocks,16,0,0,0,0,True,2026-10-01T01:02:55+08:00,/work/share/aczlvkl1ac/bcsd_runs/production_v2
cf-grid-v2/MRI-ESM2-0/ssp245/wind/R03C06,MRI-ESM2-0,ssp245,wind,R03C06,blocks,16,0,0,0,0,True,2026-10-01T01:02:55+08:00,/work/share/aczlvkl1ac/bcsd_runs/production_v2
cf-grid-v2/MRI-ESM2-0/ssp245/wind/R03C07,MRI-ESM2-0,ssp245,wind,R03C07,blocks,16,0,0,0,0,True,2026-10-01T01:02:55+08:00,/work/share/aczlvkl1ac/bcsd_runs/production_v2
cf-grid-v2/MRI-ESM2-0/ssp245/wind/R03C08,MRI-ESM2-0,ssp245,wind,R03C08,blocks,16,0,0,0,0,True,2026-10-01T01:02:55+08:00,/work/share/aczlvkl1ac/bcsd_runs/production_v2
cf-grid-v2/MRI-ESM2-0/ssp245/wind/R03C09,MRI-ESM2-0,ssp245,wind,R03C09,blocks,16,0,0,0,0,True,2026-10-01T01:02:55+08:00,/work/share/aczlvkl1ac/bcsd_runs/production_v2
cf-grid-v2/MRI-ESM2-0/ssp245/wind/R03C10,MRI-ESM2-0,ssp245,wind,R03C10,blocks,16,0,0,0,0,True,2026-10-01T01:02:55+08:00,/work/share/aczlvkl1ac/bcsd_runs/production_v2
cf-grid-v2/MRI-ESM2-0/ssp245/wind/R03C11,MRI-ESM2-0,ssp245,wind,R03C11,blocks,16,0,0,0,0,True,2026-10-01T01:02:55+08:00,/work/share/aczlvkl1ac/bcsd_runs/production_v2
cf-grid-v2/MRI-ESM2-0/ssp245/wind/R04C04,MRI-ESM2-0,ssp245,wind,R04C04,blocks,16,0,0,0,0,True,2026-10-01T01:02:55+08:00,/work/share/aczlvkl1ac/bcsd_runs/production_v2
cf-grid-v2/MRI-ESM2-0/ssp245/wind/R04C05,MRI-ESM2-0,ssp245,wind,R04C05,blocks,16,0,0,0,0,True,2026-10-01T01:02:55+08:00,/work/share/aczlvkl1ac/bcsd_runs/production_v2
cf-grid-v2/MRI-ESM2-0/ssp245/wind/R04C07,MRI-ESM2-0,ssp245,wind,R04C07,blocks,16,0,0,0,0,True,2026-10-01T01:02:55+08:00,/work/share/aczlvkl1ac/bcsd_runs/production_v2
cf-grid-v2/MRI-ESM2-0/ssp245/wind/R04C08,MRI-ESM2-0,ssp245,wind,R04C08,blocks,16,0,0,0,0,True,2026-10-01T01:02:55+08:00,/work/share/aczlvkl1ac/bcsd_runs/production_v2
cf-grid-v2/MRI-ESM2-0/ssp245/wind/R04C10,MRI-ESM2-0,ssp245,wind,R04C10,blocks,16,0,0,0,0,True,2026-10-01T01:02:55+08:00,/work/share/aczlvkl1ac/bcsd_runs/production_v2
cf-grid-v2/MRI-ESM2-0/ssp245/wind/R04C11,MRI-ESM2-0,ssp245,wind,R04C11,blocks,16,0,0,0,0,True,2026-10-01T01:02:55+08:00,/work/share/aczlvkl1ac/bcsd_runs/production_v2
cf-grid-v2/MRI-ESM2-0/ssp245/wind/R04C12,MRI-ESM2-0,ssp245,wind,R04C12,blocks,16,0,0,0,0,True,2026-10-01T01:02:55+08:00,/work/share/aczlvkl1ac/bcsd_runs/production_v2
cf-grid-v2/MRI-ESM2-0/ssp245/wind/R05C04,MRI-ESM2-0,ssp245,wind,R05C04,blocks,16,0,0,0,0,True,2026-10-01T01:02:55+08:00,/work/share/aczlvkl1ac/bcsd_runs/production_v2
cf-grid-v2/MRI-ESM2-0/ssp245/wind/R05C05,MRI-ESM2-0,ssp245,wind,R05C05,blocks,16,0,0,0,0,True,2026-10-01T01:02:55+08:00,/work/share/aczlvkl1ac/bcsd_runs/production_v2
cf-grid-v2/MRI-ESM2-0/ssp245/wind/R05C07,MRI-ESM2-0,ssp245,wind,R05C07,blocks,16,0,0,0,0,True,2026-10-01T01:02:55+08:00,/work/share/aczlvkl1ac/bcsd_runs/production_v2
cf-grid-v2/MRI-ESM2-0/ssp245/wind/R05C08,MRI-ESM2-0,ssp245,wind,R05C08,blocks,16,0,0,0,0,True,2026-10-01T01:02:55+08:00,/work/share/aczlvkl1ac/bcsd_runs/production_v2
cf-grid-v2/MRI-ESM2-0/ssp245/wind/R05C10,MRI-ESM2-0,ssp245,wind,R05C10,blocks,16,0,0,0,0,True,2026-10-01T01:02:55+08:00,/work/share/aczlvkl1ac/bcsd_runs/production_v2
cf-grid-v2/MRI-ESM2-0/ssp245/wind/R05C11,MRI-ESM2-0,ssp245,wind,R05C11,blocks,16,0,0,0,0,True,2026-10-01T01:02:55+08:00,/work/share/aczlvkl1ac/bcsd_runs/production_v2
cf-grid-v2/MRI-ESM2-0/ssp245/wind/R05C12,MRI-ESM2-0,ssp245,wind,R05C12,blocks,16,0,0,0,0,True,2026-10-01T01:02:55+08:00,/work/share/aczlvkl1ac/bcsd_runs/production_v2
cf-grid-v2/MRI-ESM2-0/ssp245/solar/R01C01,MRI-ESM2-0,ssp245,solar,R01C01,blocks,32,0,0,0,0,True,2026-10-01T01:02:55+08:00,/work/share/aczlvkl1ac/bcsd_runs/production_v2
cf-grid-v2/MRI-ESM2-0/ssp245/solar/R01C02,MRI-ESM2-0,ssp245,solar,R01C02,blocks,32,0,0,0,0,True,2026-10-01T01:02:55+08:00,/work/share/aczlvkl1ac/bcsd_runs/production_v2
cf-grid-v2/MRI-ESM2-0/ssp245/solar/R01C03,MRI-ESM2-0,ssp245,solar,R01C03,blocks,32,0,0,0,0,True,2026-10-01T01:02:55+08:00,/work/share/aczlvkl1ac/bcsd_runs/production_v2
cf-grid-v2/MRI-ESM2-0/ssp245/solar/R01C04,MRI-ESM2-0,ssp245,solar,R01C04,blocks,32,0,0,0,0,True,2026-10-01T01:02:55+08:00,/work/share/aczlvkl1ac/bcsd_runs/production_v2
cf-grid-v2/MRI-ESM2-0/ssp245/solar/R01C05,MRI-ESM2-0,ssp245,solar,R01C05,blocks,32,0,0,0,0,True,2026-10-01T01:02:55+08:00,/work/share/aczlvkl1ac/bcsd_runs/production_v2
cf-grid-v2/MRI-ESM2-0/ssp245/solar/R01C06,MRI-ESM2-0,ssp245,solar,R01C06,blocks,32,0,0,0,0,True,2026-10-01T01:02:55+08:00,/work/share/aczlvkl1ac/bcsd_runs/production_v2
cf-grid-v2/MRI-ESM2-0/ssp245/solar/R01C07,MRI-ESM2-0,ssp245,solar,R01C07,blocks,32,0,0,0,0,True,2026-10-01T01:02:55+08:00,/work/share/aczlvkl1ac/bcsd_runs/production_v2
cf-grid-v2/MRI-ESM2-0/ssp245/solar/R01C08,MRI-ESM2-0,ssp245,solar,R01C08,blocks,32,0,0,0,0,True,2026-10-01T01:02:55+08:00,/work/share/aczlvkl1ac/bcsd_runs/production_v2
cf-grid-v2/MRI-ESM2-0/ssp245/solar/R01C09,MRI-ESM2-0,ssp245,solar,R01C09,blocks,32,0,0,0,0,True,2026-10-01T01:02:55+08:00,/work/share/aczlvkl1ac/bcsd_runs/production_v2
cf-grid-v2/MRI-ESM2-0/ssp245/solar/R01C10,MRI-ESM2-0,ssp245,solar,R01C10,blocks,32,0,0,0,0,True,2026-10-01T01:02:55+08:00,/work/share/aczlvkl1ac/bcsd_runs/production_v2
cf-grid-v2/MRI-ESM2-0/ssp245/solar/R01C11,MRI-ESM2-0,ssp245,solar,R01C11,blocks,32,0,0,0,0,True,2026-10-01T01:02:55+08:00,/work/share/aczlvkl1ac/bcsd_runs/production_v2
cf-grid-v2/MRI-ESM2-0/ssp245/solar/R01C12,MRI-ESM2-0,ssp245,solar,R01C12,blocks,32,0,0,0,0,True,2026-10-01T01:02:55+08:00,/work/share/aczlvkl1ac/bcsd_runs/production_v2
cf-grid-v2/MRI-ESM2-0/ssp245/solar/R02C01,MRI-ESM2-0,ssp245,solar,R02C01,blocks,32,0,0,0,0,True,2026-10-01T01:02:55+08:00,/work/share/aczlvkl1ac/bcsd_runs/production_v2
cf-grid-v2/MRI-ESM2-0/ssp245/solar/R02C02,MRI-ESM2-0,ssp245,solar,R02C02,blocks,32,0,0,0,0,True,2026-10-01T01:02:55+08:00,/work/share/aczlvkl1ac/bcsd_runs/production_v2
cf-grid-v2/MRI-ESM2-0/ssp245/solar/R02C03,MRI-ESM2-0,ssp245,solar,R02C03,blocks,32,0,0,0,0,True,2026-10-01T01:02:55+08:00,/work/share/aczlvkl1ac/bcsd_runs/production_v2
cf-grid-v2/MRI-ESM2-0/ssp245/solar/R02C04,MRI-ESM2-0,ssp245,solar,R02C04,blocks,32,0,0,0,0,True,2026-10-01T01:02:55+08:00,/work/share/aczlvkl1ac/bcsd_runs/production_v2
cf-grid-v2/MRI-ESM2-0/ssp245/solar/R02C05,MRI-ESM2-0,ssp245,solar,R02C05,blocks,32,0,0,0,0,True,2026-10-01T01:02:55+08:00,/work/share/aczlvkl1ac/bcsd_runs/production_v2
cf-grid-v2/MRI-ESM2-0/ssp245/solar/R02C06,MRI-ESM2-0,ssp245,solar,R02C06,blocks,32,0,0,0,0,True,2026-10-01T01:02:55+08:00,/work/share/aczlvkl1ac/bcsd_runs/production_v2
cf-grid-v2/MRI-ESM2-0/ssp245/solar/R02C07,MRI-ESM2-0,ssp245,solar,R02C07,blocks,32,0,0,0,0,True,2026-10-01T01:02:55+08:00,/work/share/aczlvkl1ac/bcsd_runs/production_v2
cf-grid-v2/MRI-ESM2-0/ssp245/solar/R02C08,MRI-ESM2-0,ssp245,solar,R02C08,blocks,32,0,0,0,0,True,2026-10-01T01:02:55+08:00,/work/share/aczlvkl1ac/bcsd_runs/production_v2
cf-grid-v2/MRI-ESM2-0/ssp245/solar/R02C09,MRI-ESM2-0,ssp245,solar,R02C09,blocks,32,0,0,0,0,True,2026-10-01T01:02:55+08:00,/work/share/aczlvkl1ac/bcsd_runs/production_v2
cf-grid-v2/MRI-ESM2-0/ssp245/solar/R02C10,MRI-ESM2-0,ssp245,solar,R02C10,blocks,32,0,0,0,0,True,2026-10-01T01:02:55+08:00,/work/share/aczlvkl1ac/bcsd_runs/production_v2
cf-grid-v2/MRI-ESM2-0/ssp245/solar/R02C11,MRI-ESM2-0,ssp245,solar,R02C11,blocks,32,0,0,0,0,True,2026-10-01T01:02:55+08:00,/work/share/aczlvkl1ac/bcsd_runs/production_v2
cf-grid-v2/MRI-ESM2-0/ssp245/solar/R02C12,MRI-ESM2-0,ssp245,solar,R02C12,blocks,32,0,0,0,0,True,2026-10-01T01:02:55+08:00,/work/share/aczlvkl1ac/bcsd_runs/production_v2
cf-grid-v2/MRI-ESM2-0/ssp245/solar/R03C03,MRI-ESM2-0,ssp245,solar,R03C03,blocks,32,0,0,0,0,True,2026-10-01T01:02:55+08:00,/work/share/aczlvkl1ac/bcsd_runs/production_v2
cf-grid-v2/MRI-ESM2-0/ssp245/solar/R03C04,MRI-ESM2-0,ssp245,solar,R03C04,blocks,32,0,0,0,0,True,2026-10-01T01:02:55+08:00,/work/share/aczlvkl1ac/bcsd_runs/production_v2
cf-grid-v2/MRI-ESM2-0/ssp245/solar/R03C05,MRI-ESM2-0,ssp245,solar,R03C05,blocks,32,0,0,0,0,True,2026-10-01T01:02:55+08:00,/work/share/aczlvkl1ac/bcsd_runs/production_v2
cf-grid-v2/MRI-ESM2-0/ssp245/solar/R03C06,MRI-ESM2-0,ssp245,solar,R03C06,blocks,32,0,0,0,0,True,2026-10-01T01:02:55+08:00,/work/share/aczlvkl1ac/bcsd_runs/production_v2
cf-grid-v2/MRI-ESM2-0/ssp245/solar/R03C07,MRI-ESM2-0,ssp245,solar,R03C07,blocks,32,0,0,0,0,True,2026-10-01T01:02:55+08:00,/work/share/aczlvkl1ac/bcsd_runs/production_v2
cf-grid-v2/MRI-ESM2-0/ssp245/solar/R03C08,MRI-ESM2-0,ssp245,solar,R03C08,blocks,32,0,0,0,0,True,2026-10-01T01:02:55+08:00,/work/share/aczlvkl1ac/bcsd_runs/production_v2
cf-grid-v2/MRI-ESM2-0/ssp245/solar/R03C09,MRI-ESM2-0,ssp245,solar,R03C09,blocks,32,0,0,0,0,True,2026-10-01T01:02:55+08:00,/work/share/aczlvkl1ac/bcsd_runs/production_v2
cf-grid-v2/MRI-ESM2-0/ssp245/solar/R03C10,MRI-ESM2-0,ssp245,solar,R03C10,blocks,32,0,0,0,0,True,2026-10-01T01:02:55+08:00,/work/share/aczlvkl1ac/bcsd_runs/production_v2
cf-grid-v2/MRI-ESM2-0/ssp245/solar/R03C11,MRI-ESM2-0,ssp245,solar,R03C11,blocks,32,0,0,0,0,True,2026-10-01T01:02:55+08:00,/work/share/aczlvkl1ac/bcsd_runs/production_v2
cf-grid-v2/MRI-ESM2-0/ssp245/solar/R04C04,MRI-ESM2-0,ssp245,solar,R04C04,blocks,32,0,0,0,0,True,2026-10-01T01:02:55+08:00,/work/share/aczlvkl1ac/bcsd_runs/production_v2
cf-grid-v2/MRI-ESM2-0/ssp245/solar/R04C05,MRI-ESM2-0,ssp245,solar,R04C05,blocks,32,0,0,0,0,True,2026-10-01T01:02:55+08:00,/work/share/aczlvkl1ac/bcsd_runs/production_v2
cf-grid-v2/MRI-ESM2-0/ssp245/solar/R04C07,MRI-ESM2-0,ssp245,solar,R04C07,blocks,32,0,0,0,0,True,2026-10-01T01:02:55+08:00,/work/share/aczlvkl1ac/bcsd_runs/production_v2
cf-grid-v2/MRI-ESM2-0/ssp245/solar/R04C08,MRI-ESM2-0,ssp245,solar,R04C08,blocks,32,0,0,0,0,True,2026-10-01T01:02:55+08:00,/work/share/aczlvkl1ac/bcsd_runs/production_v2
cf-grid-v2/MRI-ESM2-0/ssp245/solar/R04C10,MRI-ESM2-0,ssp245,solar,R04C10,blocks,32,0,0,0,0,True,2026-10-01T01:02:55+08:00,/work/share/aczlvkl1ac/bcsd_runs/production_v2
cf-grid-v2/MRI-ESM2-0/ssp245/solar/R04C11,MRI-ESM2-0,ssp245,solar,R04C11,blocks,32,0,0,0,0,True,2026-10-01T01:02:55+08:00,/work/share/aczlvkl1ac/bcsd_runs/production_v2
cf-grid-v2/MRI-ESM2-0/ssp245/solar/R04C12,MRI-ESM2-0,ssp245,solar,R04C12,blocks,32,0,0,0,0,True,2026-10-01T01:02:55+08:00,/work/share/aczlvkl1ac/bcsd_runs/production_v2
cf-grid-v2/MRI-ESM2-0/ssp245/solar/R05C04,MRI-ESM2-0,ssp245,solar,R05C04,blocks,32,0,0,0,0,True,2026-10-01T01:02:55+08:00,/work/share/aczlvkl1ac/bcsd_runs/production_v2
cf-grid-v2/MRI-ESM2-0/ssp245/solar/R05C05,MRI-ESM2-0,ssp245,solar,R05C05,blocks,32,0,0,0,0,True,2026-10-01T01:02:55+08:00,/work/share/aczlvkl1ac/bcsd_runs/production_v2
cf-grid-v2/MRI-ESM2-0/ssp245/solar/R05C07,MRI-ESM2-0,ssp245,solar,R05C07,blocks,32,0,0,0,0,True,2026-10-01T01:02:55+08:00,/work/share/aczlvkl1ac/bcsd_runs/production_v2
cf-grid-v2/MRI-ESM2-0/ssp245/solar/R05C08,MRI-ESM2-0,ssp245,solar,R05C08,blocks,32,0,0,0,0,True,2026-10-01T01:02:55+08:00,/work/share/aczlvkl1ac/bcsd_runs/production_v2
cf-grid-v2/MRI-ESM2-0/ssp245/solar/R05C10,MRI-ESM2-0,ssp245,solar,R05C10,blocks,32,0,0,0,0,True,2026-10-01T01:02:55+08:00,/work/share/aczlvkl1ac/bcsd_runs/production_v2
cf-grid-v2/MRI-ESM2-0/ssp245/solar/R05C11,MRI-ESM2-0,ssp245,solar,R05C11,blocks,32,0,0,0,0,True,2026-10-01T01:02:55+08:00,/work/share/aczlvkl1ac/bcsd_runs/production_v2
cf-grid-v2/MRI-ESM2-0/ssp245/solar/R05C12,MRI-ESM2-0,ssp245,solar,R05C12,blocks,32,0,0,0,0,True,2026-10-01T01:02:55+08:00,/work/share/aczlvkl1ac/bcsd_runs/production_v2
cf-grid-v2/MRI-ESM2-0/ssp585/wind/R01C01,MRI-ESM2-0,ssp585,wind,R01C01,blocks,16,0,0,0,0,True,2026-10-01T01:02:55+08:00,/work/share/aczlvkl1ac/bcsd_runs/production_v2
cf-grid-v2/MRI-ESM2-0/ssp585/wind/R01C02,MRI-ESM2-0,ssp585,wind,R01C02,blocks,16,0,0,0,0,True,2026-10-01T01:02:55+08:00,/work/share/aczlvkl1ac/bcsd_runs/production_v2
cf-grid-v2/MRI-ESM2-0/ssp585/wind/R01C03,MRI-ESM2-0,ssp585,wind,R01C03,blocks,16,0,0,0,0,True,2026-10-01T01:02:55+08:00,/work/share/aczlvkl1ac/bcsd_runs/production_v2
cf-grid-v2/MRI-ESM2-0/ssp585/wind/R01C04,MRI-ESM2-0,ssp585,wind,R01C04,blocks,16,0,0,0,0,True,2026-10-01T01:02:55+08:00,/work/share/aczlvkl1ac/bcsd_runs/production_v2
cf-grid-v2/MRI-ESM2-0/ssp585/wind/R01C05,MRI-ESM2-0,ssp585,wind,R01C05,blocks,16,0,0,0,0,True,2026-10-01T01:02:55+08:00,/work/share/aczlvkl1ac/bcsd_runs/production_v2
cf-grid-v2/MRI-ESM2-0/ssp585/wind/R01C06,MRI-ESM2-0,ssp585,wind,R01C06,blocks,16,0,0,0,0,True,2026-10-01T01:02:55+08:00,/work/share/aczlvkl1ac/bcsd_runs/production_v2
cf-grid-v2/MRI-ESM2-0/ssp585/wind/R01C07,MRI-ESM2-0,ssp585,wind,R01C07,blocks,16,0,0,0,0,True,2026-10-01T01:02:55+08:00,/work/share/aczlvkl1ac/bcsd_runs/production_v2
cf-grid-v2/MRI-ESM2-0/ssp585/wind/R01C08,MRI-ESM2-0,ssp585,wind,R01C08,blocks,16,0,0,0,0,True,2026-10-01T01:02:55+08:00,/work/share/aczlvkl1ac/bcsd_runs/production_v2
cf-grid-v2/MRI-ESM2-0/ssp585/wind/R01C09,MRI-ESM2-0,ssp585,wind,R01C09,blocks,16,0,0,0,0,True,2026-10-01T01:02:55+08:00,/work/share/aczlvkl1ac/bcsd_runs/production_v2
cf-grid-v2/MRI-ESM2-0/ssp585/wind/R01C10,MRI-ESM2-0,ssp585,wind,R01C10,blocks,16,0,0,0,0,True,2026-10-01T01:02:55+08:00,/work/share/aczlvkl1ac/bcsd_runs/production_v2
cf-grid-v2/MRI-ESM2-0/ssp585/wind/R01C11,MRI-ESM2-0,ssp585,wind,R01C11,blocks,16,0,0,0,0,True,2026-10-01T01:02:55+08:00,/work/share/aczlvkl1ac/bcsd_runs/production_v2
cf-grid-v2/MRI-ESM2-0/ssp585/wind/R01C12,MRI-ESM2-0,ssp585,wind,R01C12,blocks,16,0,0,0,0,True,2026-10-01T01:02:55+08:00,/work/share/aczlvkl1ac/bcsd_runs/production_v2
cf-grid-v2/MRI-ESM2-0/ssp585/wind/R02C01,MRI-ESM2-0,ssp585,wind,R02C01,blocks,16,0,0,0,0,True,2026-10-01T01:02:55+08:00,/work/share/aczlvkl1ac/bcsd_runs/production_v2
cf-grid-v2/MRI-ESM2-0/ssp585/wind/R02C02,MRI-ESM2-0,ssp585,wind,R02C02,blocks,16,0,0,0,0,True,2026-10-01T01:02:55+08:00,/work/share/aczlvkl1ac/bcsd_runs/production_v2
cf-grid-v2/MRI-ESM2-0/ssp585/wind/R02C03,MRI-ESM2-0,ssp585,wind,R02C03,blocks,16,0,0,0,0,True,2026-10-01T01:02:55+08:00,/work/share/aczlvkl1ac/bcsd_runs/production_v2
cf-grid-v2/MRI-ESM2-0/ssp585/wind/R02C04,MRI-ESM2-0,ssp585,wind,R02C04,blocks,16,0,0,0,0,True,2026-10-01T01:02:55+08:00,/work/share/aczlvkl1ac/bcsd_runs/production_v2
cf-grid-v2/MRI-ESM2-0/ssp585/wind/R02C05,MRI-ESM2-0,ssp585,wind,R02C05,blocks,16,0,0,0,0,True,2026-10-01T01:02:55+08:00,/work/share/aczlvkl1ac/bcsd_runs/production_v2
cf-grid-v2/MRI-ESM2-0/ssp585/wind/R02C06,MRI-ESM2-0,ssp585,wind,R02C06,blocks,16,0,0,0,0,True,2026-10-01T01:02:55+08:00,/work/share/aczlvkl1ac/bcsd_runs/production_v2
cf-grid-v2/MRI-ESM2-0/ssp585/wind/R02C07,MRI-ESM2-0,ssp585,wind,R02C07,blocks,16,0,0,0,0,True,2026-10-01T01:02:55+08:00,/work/share/aczlvkl1ac/bcsd_runs/production_v2
cf-grid-v2/MRI-ESM2-0/ssp585/wind/R02C08,MRI-ESM2-0,ssp585,wind,R02C08,blocks,16,0,0,0,0,True,2026-10-01T01:02:55+08:00,/work/share/aczlvkl1ac/bcsd_runs/production_v2
cf-grid-v2/MRI-ESM2-0/ssp585/wind/R02C09,MRI-ESM2-0,ssp585,wind,R02C09,blocks,16,0,0,0,0,True,2026-10-01T01:02:55+08:00,/work/share/aczlvkl1ac/bcsd_runs/production_v2
cf-grid-v2/MRI-ESM2-0/ssp585/wind/R02C10,MRI-ESM2-0,ssp585,wind,R02C10,blocks,16,0,0,0,0,True,2026-10-01T01:02:55+08:00,/work/share/aczlvkl1ac/bcsd_runs/production_v2
cf-grid-v2/MRI-ESM2-0/ssp585/wind/R02C11,MRI-ESM2-0,ssp585,wind,R02C11,blocks,16,0,0,0,0,True,2026-10-01T01:02:55+08:00,/work/share/aczlvkl1ac/bcsd_runs/production_v2
cf-grid-v2/MRI-ESM2-0/ssp585/wind/R02C12,MRI-ESM2-0,ssp585,wind,R02C12,blocks,16,0,0,0,0,True,2026-10-01T01:02:55+08:00,/work/share/aczlvkl1ac/bcsd_runs/production_v2
cf-grid-v2/MRI-ESM2-0/ssp585/wind/R03C03,MRI-ESM2-0,ssp585,wind,R03C03,blocks,16,0,0,0,0,True,2026-10-01T01:02:55+08:00,/work/share/aczlvkl1ac/bcsd_runs/production_v2
cf-grid-v2/MRI-ESM2-0/ssp585/wind/R03C04,MRI-ESM2-0,ssp585,wind,R03C04,blocks,16,0,0,0,0,True,2026-10-01T01:02:55+08:00,/work/share/aczlvkl1ac/bcsd_runs/production_v2
cf-grid-v2/MRI-ESM2-0/ssp585/wind/R03C05,MRI-ESM2-0,ssp585,wind,R03C05,blocks,16,0,0,0,0,True,2026-10-01T01:02:55+08:00,/work/share/aczlvkl1ac/bcsd_runs/production_v2
cf-grid-v2/MRI-ESM2-0/ssp585/wind/R03C06,MRI-ESM2-0,ssp585,wind,R03C06,blocks,16,0,0,0,0,True,2026-10-01T01:02:55+08:00,/work/share/aczlvkl1ac/bcsd_runs/production_v2
cf-grid-v2/MRI-ESM2-0/ssp585/wind/R03C07,MRI-ESM2-0,ssp585,wind,R03C07,blocks,16,0,0,0,0,True,2026-10-01T01:02:55+08:00,/work/share/aczlvkl1ac/bcsd_runs/production_v2
cf-grid-v2/MRI-ESM2-0/ssp585/wind/R03C08,MRI-ESM2-0,ssp585,wind,R03C08,blocks,16,0,0,0,0,True,2026-10-01T01:02:55+08:00,/work/share/aczlvkl1ac/bcsd_runs/production_v2
cf-grid-v2/MRI-ESM2-0/ssp585/wind/R03C09,MRI-ESM2-0,ssp585,wind,R03C09,blocks,16,0,0,0,0,True,2026-10-01T01:02:55+08:00,/work/share/aczlvkl1ac/bcsd_runs/production_v2
cf-grid-v2/MRI-ESM2-0/ssp585/wind/R03C10,MRI-ESM2-0,ssp585,wind,R03C10,blocks,16,0,0,0,0,True,2026-10-01T01:02:55+08:00,/work/share/aczlvkl1ac/bcsd_runs/production_v2
cf-grid-v2/MRI-ESM2-0/ssp585/wind/R03C11,MRI-ESM2-0,ssp585,wind,R03C11,blocks,16,0,0,0,0,True,2026-10-01T01:02:55+08:00,/work/share/aczlvkl1ac/bcsd_runs/production_v2
cf-grid-v2/MRI-ESM2-0/ssp585/wind/R04C04,MRI-ESM2-0,ssp585,wind,R04C04,blocks,16,0,0,0,0,True,2026-10-01T01:02:55+08:00,/work/share/aczlvkl1ac/bcsd_runs/production_v2
cf-grid-v2/MRI-ESM2-0/ssp585/wind/R04C05,MRI-ESM2-0,ssp585,wind,R04C05,blocks,16,0,0,0,0,True,2026-10-01T01:02:55+08:00,/work/share/aczlvkl1ac/bcsd_runs/production_v2
cf-grid-v2/MRI-ESM2-0/ssp585/wind/R04C07,MRI-ESM2-0,ssp585,wind,R04C07,blocks,16,0,0,0,0,True,2026-10-01T01:02:55+08:00,/work/share/aczlvkl1ac/bcsd_runs/production_v2
cf-grid-v2/MRI-ESM2-0/ssp585/wind/R04C08,MRI-ESM2-0,ssp585,wind,R04C08,blocks,16,0,0,0,0,True,2026-10-01T01:02:55+08:00,/work/share/aczlvkl1ac/bcsd_runs/production_v2
cf-grid-v2/MRI-ESM2-0/ssp585/wind/R04C10,MRI-ESM2-0,ssp585,wind,R04C10,blocks,16,0,0,0,0,True,2026-10-01T01:02:55+08:00,/work/share/aczlvkl1ac/bcsd_runs/production_v2
cf-grid-v2/MRI-ESM2-0/ssp585/wind/R04C11,MRI-ESM2-0,ssp585,wind,R04C11,blocks,16,0,0,0,0,True,2026-10-01T01:02:55+08:00,/work/share/aczlvkl1ac/bcsd_runs/production_v2
cf-grid-v2/MRI-ESM2-0/ssp585/wind/R04C12,MRI-ESM2-0,ssp585,wind,R04C12,blocks,16,0,0,0,0,True,2026-10-01T01:02:55+08:00,/work/share/aczlvkl1ac/bcsd_runs/production_v2
cf-grid-v2/MRI-ESM2-0/ssp585/wind/R05C04,MRI-ESM2-0,ssp585,wind,R05C04,blocks,16,0,0,0,0,True,2026-10-01T01:02:55+08:00,/work/share/aczlvkl1ac/bcsd_runs/production_v2
cf-grid-v2/MRI-ESM2-0/ssp585/wind/R05C05,MRI-ESM2-0,ssp585,wind,R05C05,blocks,16,0,0,0,0,True,2026-10-01T01:02:55+08:00,/work/share/aczlvkl1ac/bcsd_runs/production_v2
cf-grid-v2/MRI-ESM2-0/ssp585/wind/R05C07,MRI-ESM2-0,ssp585,wind,R05C07,blocks,16,0,0,0,0,True,2026-10-01T01:02:55+08:00,/work/share/aczlvkl1ac/bcsd_runs/production_v2
cf-grid-v2/MRI-ESM2-0/ssp585/wind/R05C08,MRI-ESM2-0,ssp585,wind,R05C08,blocks,16,0,0,0,0,True,2026-10-01T01:02:55+08:00,/work/share/aczlvkl1ac/bcsd_runs/production_v2
cf-grid-v2/MRI-ESM2-0/ssp585/wind/R05C10,MRI-ESM2-0,ssp585,wind,R05C10,blocks,16,0,0,0,0,True,2026-10-01T01:02:55+08:00,/work/share/aczlvkl1ac/bcsd_runs/production_v2
cf-grid-v2/MRI-ESM2-0/ssp585/wind/R05C11,MRI-ESM2-0,ssp585,wind,R05C11,blocks,16,0,0,0,0,True,2026-10-01T01:02:55+08:00,/work/share/aczlvkl1ac/bcsd_runs/production_v2
cf-grid-v2/MRI-ESM2-0/ssp585/wind/R05C12,MRI-ESM2-0,ssp585,wind,R05C12,blocks,16,0,0,0,0,True,2026-10-01T01:02:55+08:00,/work/share/aczlvkl1ac/bcsd_runs/production_v2
cf-grid-v2/MRI-ESM2-0/ssp585/solar/R01C01,MRI-ESM2-0,ssp585,solar,R01C01,blocks,32,0,0,0,0,True,2026-10-01T01:02:55+08:00,/work/share/aczlvkl1ac/bcsd_runs/production_v2
cf-grid-v2/MRI-ESM2-0/ssp585/solar/R01C02,MRI-ESM2-0,ssp585,solar,R01C02,blocks,32,0,0,0,0,True,2026-10-01T01:02:55+08:00,/work/share/aczlvkl1ac/bcsd_runs/production_v2
cf-grid-v2/MRI-ESM2-0/ssp585/solar/R01C03,MRI-ESM2-0,ssp585,solar,R01C03,blocks,32,0,0,0,0,True,2026-10-01T01:02:55+08:00,/work/share/aczlvkl1ac/bcsd_runs/production_v2
cf-grid-v2/MRI-ESM2-0/ssp585/solar/R01C04,MRI-ESM2-0,ssp585,solar,R01C04,blocks,32,0,0,0,0,True,2026-10-01T01:02:55+08:00,/work/share/aczlvkl1ac/bcsd_runs/production_v2
cf-grid-v2/MRI-ESM2-0/ssp585/solar/R01C05,MRI-ESM2-0,ssp585,solar,R01C05,blocks,32,0,0,0,0,True,2026-10-01T01:02:55+08:00,/work/share/aczlvkl1ac/bcsd_runs/production_v2
cf-grid-v2/MRI-ESM2-0/ssp585/solar/R01C06,MRI-ESM2-0,ssp585,solar,R01C06,blocks,32,0,0,0,0,True,2026-10-01T01:02:55+08:00,/work/share/aczlvkl1ac/bcsd_runs/production_v2
cf-grid-v2/MRI-ESM2-0/ssp585/solar/R01C07,MRI-ESM2-0,ssp585,solar,R01C07,blocks,32,0,0,0,0,True,2026-10-01T01:02:55+08:00,/work/share/aczlvkl1ac/bcsd_runs/production_v2
cf-grid-v2/MRI-ESM2-0/ssp585/solar/R01C08,MRI-ESM2-0,ssp585,solar,R01C08,blocks,32,0,0,0,0,True,2026-10-01T01:02:55+08:00,/work/share/aczlvkl1ac/bcsd_runs/production_v2
cf-grid-v2/MRI-ESM2-0/ssp585/solar/R01C09,MRI-ESM2-0,ssp585,solar,R01C09,blocks,32,0,0,0,0,True,2026-10-01T01:02:55+08:00,/work/share/aczlvkl1ac/bcsd_runs/production_v2
cf-grid-v2/MRI-ESM2-0/ssp585/solar/R01C10,MRI-ESM2-0,ssp585,solar,R01C10,blocks,32,0,0,0,0,True,2026-10-01T01:02:55+08:00,/work/share/aczlvkl1ac/bcsd_runs/production_v2
cf-grid-v2/MRI-ESM2-0/ssp585/solar/R01C11,MRI-ESM2-0,ssp585,solar,R01C11,blocks,32,0,0,0,0,True,2026-10-01T01:02:55+08:00,/work/share/aczlvkl1ac/bcsd_runs/production_v2
cf-grid-v2/MRI-ESM2-0/ssp585/solar/R01C12,MRI-ESM2-0,ssp585,solar,R01C12,blocks,32,0,0,0,0,True,2026-10-01T01:02:55+08:00,/work/share/aczlvkl1ac/bcsd_runs/production_v2
cf-grid-v2/MRI-ESM2-0/ssp585/solar/R02C01,MRI-ESM2-0,ssp585,solar,R02C01,blocks,32,0,0,0,0,True,2026-10-01T01:02:55+08:00,/work/share/aczlvkl1ac/bcsd_runs/production_v2
cf-grid-v2/MRI-ESM2-0/ssp585/solar/R02C02,MRI-ESM2-0,ssp585,solar,R02C02,blocks,32,0,0,0,0,True,2026-10-01T01:02:55+08:00,/work/share/aczlvkl1ac/bcsd_runs/production_v2
cf-grid-v2/MRI-ESM2-0/ssp585/solar/R02C03,MRI-ESM2-0,ssp585,solar,R02C03,blocks,32,0,0,0,0,True,2026-10-01T01:02:55+08:00,/work/share/aczlvkl1ac/bcsd_runs/production_v2
cf-grid-v2/MRI-ESM2-0/ssp585/solar/R02C04,MRI-ESM2-0,ssp585,solar,R02C04,blocks,32,0,0,0,0,True,2026-10-01T01:02:55+08:00,/work/share/aczlvkl1ac/bcsd_runs/production_v2
cf-grid-v2/MRI-ESM2-0/ssp585/solar/R02C05,MRI-ESM2-0,ssp585,solar,R02C05,blocks,32,0,0,0,0,True,2026-10-01T01:02:55+08:00,/work/share/aczlvkl1ac/bcsd_runs/production_v2
cf-grid-v2/MRI-ESM2-0/ssp585/solar/R02C06,MRI-ESM2-0,ssp585,solar,R02C06,blocks,32,0,0,0,0,True,2026-10-01T01:02:55+08:00,/work/share/aczlvkl1ac/bcsd_runs/production_v2
cf-grid-v2/MRI-ESM2-0/ssp585/solar/R02C07,MRI-ESM2-0,ssp585,solar,R02C07,blocks,32,0,0,0,0,True,2026-10-01T01:02:55+08:00,/work/share/aczlvkl1ac/bcsd_runs/production_v2
cf-grid-v2/MRI-ESM2-0/ssp585/solar/R02C08,MRI-ESM2-0,ssp585,solar,R02C08,blocks,32,0,0,0,0,True,2026-10-01T01:02:55+08:00,/work/share/aczlvkl1ac/bcsd_runs/production_v2
cf-grid-v2/MRI-ESM2-0/ssp585/solar/R02C09,MRI-ESM2-0,ssp585,solar,R02C09,blocks,32,0,0,0,0,True,2026-10-01T01:02:55+08:00,/work/share/aczlvkl1ac/bcsd_runs/production_v2
cf-grid-v2/MRI-ESM2-0/ssp585/solar/R02C10,MRI-ESM2-0,ssp585,solar,R02C10,blocks,32,0,0,0,0,True,2026-10-01T01:02:55+08:00,/work/share/aczlvkl1ac/bcsd_runs/production_v2
cf-grid-v2/MRI-ESM2-0/ssp585/solar/R02C11,MRI-ESM2-0,ssp585,solar,R02C11,blocks,32,0,0,0,0,True,2026-10-01T01:02:55+08:00,/work/share/aczlvkl1ac/bcsd_runs/production_v2
cf-grid-v2/MRI-ESM2-0/ssp585/solar/R02C12,MRI-ESM2-0,ssp585,solar,R02C12,blocks,32,0,0,0,0,True,2026-10-01T01:02:55+08:00,/work/share/aczlvkl1ac/bcsd_runs/production_v2
cf-grid-v2/MRI-ESM2-0/ssp585/solar/R03C03,MRI-ESM2-0,ssp585,solar,R03C03,blocks,32,0,0,0,0,True,2026-10-01T01:02:55+08:00,/work/share/aczlvkl1ac/bcsd_runs/production_v2
cf-grid-v2/MRI-ESM2-0/ssp585/solar/R03C04,MRI-ESM2-0,ssp585,solar,R03C04,blocks,32,0,0,0,0,True,2026-10-01T01:02:55+08:00,/work/share/aczlvkl1ac/bcsd_runs/production_v2
cf-grid-v2/MRI-ESM2-0/ssp585/solar/R03C05,MRI-ESM2-0,ssp585,solar,R03C05,blocks,32,0,0,0,0,True,2026-10-01T01:02:55+08:00,/work/share/aczlvkl1ac/bcsd_runs/production_v2
cf-grid-v2/MRI-ESM2-0/ssp585/solar/R03C06,MRI-ESM2-0,ssp585,solar,R03C06,blocks,32,0,0,0,0,True,2026-10-01T01:02:55+08:00,/work/share/aczlvkl1ac/bcsd_runs/production_v2
cf-grid-v2/MRI-ESM2-0/ssp585/solar/R03C07,MRI-ESM2-0,ssp585,solar,R03C07,blocks,32,0,0,0,0,True,2026-10-01T01:02:55+08:00,/work/share/aczlvkl1ac/bcsd_runs/production_v2
cf-grid-v2/MRI-ESM2-0/ssp585/solar/R03C08,MRI-ESM2-0,ssp585,solar,R03C08,blocks,32,0,0,0,0,True,2026-10-01T01:02:55+08:00,/work/share/aczlvkl1ac/bcsd_runs/production_v2
cf-grid-v2/MRI-ESM2-0/ssp585/solar/R03C09,MRI-ESM2-0,ssp585,solar,R03C09,blocks,32,0,0,0,0,True,2026-10-01T01:02:55+08:00,/work/share/aczlvkl1ac/bcsd_runs/production_v2
cf-grid-v2/MRI-ESM2-0/ssp585/solar/R03C10,MRI-ESM2-0,ssp585,solar,R03C10,blocks,32,0,0,0,0,True,2026-10-01T01:02:55+08:00,/work/share/aczlvkl1ac/bcsd_runs/production_v2
cf-grid-v2/MRI-ESM2-0/ssp585/solar/R03C11,MRI-ESM2-0,ssp585,solar,R03C11,blocks,32,0,0,0,0,True,2026-10-01T01:02:55+08:00,/work/share/aczlvkl1ac/bcsd_runs/production_v2
cf-grid-v2/MRI-ESM2-0/ssp585/solar/R04C04,MRI-ESM2-0,ssp585,solar,R04C04,blocks,32,0,0,0,0,True,2026-10-01T01:02:55+08:00,/work/share/aczlvkl1ac/bcsd_runs/production_v2
cf-grid-v2/MRI-ESM2-0/ssp585/solar/R04C05,MRI-ESM2-0,ssp585,solar,R04C05,blocks,32,0,0,0,0,True,2026-10-01T01:02:55+08:00,/work/share/aczlvkl1ac/bcsd_runs/production_v2
cf-grid-v2/MRI-ESM2-0/ssp585/solar/R04C07,MRI-ESM2-0,ssp585,solar,R04C07,blocks,32,0,0,0,0,True,2026-10-01T01:02:55+08:00,/work/share/aczlvkl1ac/bcsd_runs/production_v2
cf-grid-v2/MRI-ESM2-0/ssp585/solar/R04C08,MRI-ESM2-0,ssp585,solar,R04C08,blocks,32,0,0,0,0,True,2026-10-01T01:02:55+08:00,/work/share/aczlvkl1ac/bcsd_runs/production_v2
cf-grid-v2/MRI-ESM2-0/ssp585/solar/R04C10,MRI-ESM2-0,ssp585,solar,R04C10,blocks,32,0,0,0,0,True,2026-10-01T01:02:55+08:00,/work/share/aczlvkl1ac/bcsd_runs/production_v2
cf-grid-v2/MRI-ESM2-0/ssp585/solar/R04C11,MRI-ESM2-0,ssp585,solar,R04C11,blocks,32,0,0,0,0,True,2026-10-01T01:02:55+08:00,/work/share/aczlvkl1ac/bcsd_runs/production_v2
cf-grid-v2/MRI-ESM2-0/ssp585/solar/R04C12,MRI-ESM2-0,ssp585,solar,R04C12,blocks,32,0,0,0,0,True,2026-10-01T01:02:55+08:00,/work/share/aczlvkl1ac/bcsd_runs/production_v2
cf-grid-v2/MRI-ESM2-0/ssp585/solar/R05C04,MRI-ESM2-0,ssp585,solar,R05C04,blocks,32,0,0,0,0,True,2026-10-01T01:02:55+08:00,/work/share/aczlvkl1ac/bcsd_runs/production_v2
cf-grid-v2/MRI-ESM2-0/ssp585/solar/R05C05,MRI-ESM2-0,ssp585,solar,R05C05,blocks,32,0,0,0,0,True,2026-10-01T01:02:55+08:00,/work/share/aczlvkl1ac/bcsd_runs/production_v2
cf-grid-v2/MRI-ESM2-0/ssp585/solar/R05C07,MRI-ESM2-0,ssp585,solar,R05C07,blocks,32,0,0,0,0,True,2026-10-01T01:02:55+08:00,/work/share/aczlvkl1ac/bcsd_runs/production_v2
cf-grid-v2/MRI-ESM2-0/ssp585/solar/R05C08,MRI-ESM2-0,ssp585,solar,R05C08,blocks,32,0,0,0,0,True,2026-10-01T01:02:55+08:00,/work/share/aczlvkl1ac/bcsd_runs/production_v2
cf-grid-v2/MRI-ESM2-0/ssp585/solar/R05C10,MRI-ESM2-0,ssp585,solar,R05C10,blocks,32,0,0,0,0,True,2026-10-01T01:02:55+08:00,/work/share/aczlvkl1ac/bcsd_runs/production_v2
cf-grid-v2/MRI-ESM2-0/ssp585/solar/R05C11,MRI-ESM2-0,ssp585,solar,R05C11,blocks,32,0,0,0,0,True,2026-10-01T01:02:55+08:00,/work/share/aczlvkl1ac/bcsd_runs/production_v2
cf-grid-v2/MRI-ESM2-0/ssp585/solar/R05C12,MRI-ESM2-0,ssp585,solar,R05C12,blocks,32,0,0,0,0,True,2026-10-01T01:02:55+08:00,/work/share/aczlvkl1ac/bcsd_runs/production_v2
cf-grid-v2/BCC-CSM2-MR/ssp126/wind/R01C01,BCC-CSM2-MR,ssp126,wind,R01C01,blocks,16,0,0,0,0,True,2026-10-01T01:02:55+08:00,/work/share/aczlvkl1ac/bcsd_runs/production_v2
cf-grid-v2/BCC-CSM2-MR/ssp126/wind/R01C02,BCC-CSM2-MR,ssp126,wind,R01C02,blocks,16,0,0,0,0,True,2026-10-01T01:02:55+08:00,/work/share/aczlvkl1ac/bcsd_runs/production_v2
cf-grid-v2/BCC-CSM2-MR/ssp126/wind/R01C03,BCC-CSM2-MR,ssp126,wind,R01C03,blocks,16,0,0,0,0,True,2026-10-01T01:02:55+08:00,/work/share/aczlvkl1ac/bcsd_runs/production_v2
cf-grid-v2/BCC-CSM2-MR/ssp126/wind/R01C04,BCC-CSM2-MR,ssp126,wind,R01C04,blocks,16,0,0,0,0,True,2026-10-01T01:02:55+08:00,/work/share/aczlvkl1ac/bcsd_runs/production_v2
cf-grid-v2/BCC-CSM2-MR/ssp126/wind/R01C05,BCC-CSM2-MR,ssp126,wind,R01C05,blocks,16,0,0,0,0,True,2026-10-01T01:02:55+08:00,/work/share/aczlvkl1ac/bcsd_runs/production_v2
cf-grid-v2/BCC-CSM2-MR/ssp126/wind/R01C06,BCC-CSM2-MR,ssp126,wind,R01C06,blocks,16,0,0,0,0,True,2026-10-01T01:02:55+08:00,/work/share/aczlvkl1ac/bcsd_runs/production_v2
cf-grid-v2/BCC-CSM2-MR/ssp126/wind/R01C07,BCC-CSM2-MR,ssp126,wind,R01C07,blocks,16,0,0,0,0,True,2026-10-01T01:02:55+08:00,/work/share/aczlvkl1ac/bcsd_runs/production_v2
cf-grid-v2/BCC-CSM2-MR/ssp126/wind/R01C08,BCC-CSM2-MR,ssp126,wind,R01C08,blocks,16,0,0,0,0,True,2026-10-01T01:02:55+08:00,/work/share/aczlvkl1ac/bcsd_runs/production_v2
cf-grid-v2/BCC-CSM2-MR/ssp126/wind/R01C09,BCC-CSM2-MR,ssp126,wind,R01C09,blocks,16,0,0,0,0,True,2026-10-01T01:02:55+08:00,/work/share/aczlvkl1ac/bcsd_runs/production_v2
cf-grid-v2/BCC-CSM2-MR/ssp126/wind/R01C10,BCC-CSM2-MR,ssp126,wind,R01C10,blocks,16,0,0,0,0,True,2026-10-01T01:02:55+08:00,/work/share/aczlvkl1ac/bcsd_runs/production_v2
cf-grid-v2/BCC-CSM2-MR/ssp126/wind/R01C11,BCC-CSM2-MR,ssp126,wind,R01C11,blocks,16,0,0,0,0,True,2026-10-01T01:02:55+08:00,/work/share/aczlvkl1ac/bcsd_runs/production_v2
cf-grid-v2/BCC-CSM2-MR/ssp126/wind/R01C12,BCC-CSM2-MR,ssp126,wind,R01C12,blocks,16,0,0,0,0,True,2026-10-01T01:02:55+08:00,/work/share/aczlvkl1ac/bcsd_runs/production_v2
cf-grid-v2/BCC-CSM2-MR/ssp126/wind/R02C01,BCC-CSM2-MR,ssp126,wind,R02C01,blocks,16,0,0,0,0,True,2026-10-01T01:02:55+08:00,/work/share/aczlvkl1ac/bcsd_runs/production_v2
cf-grid-v2/BCC-CSM2-MR/ssp126/wind/R02C02,BCC-CSM2-MR,ssp126,wind,R02C02,blocks,16,0,0,0,0,True,2026-10-01T01:02:55+08:00,/work/share/aczlvkl1ac/bcsd_runs/production_v2
cf-grid-v2/BCC-CSM2-MR/ssp126/wind/R02C03,BCC-CSM2-MR,ssp126,wind,R02C03,blocks,16,0,0,0,0,True,2026-10-01T01:02:55+08:00,/work/share/aczlvkl1ac/bcsd_runs/production_v2
cf-grid-v2/BCC-CSM2-MR/ssp126/wind/R02C04,BCC-CSM2-MR,ssp126,wind,R02C04,blocks,16,0,0,0,0,True,2026-10-01T01:02:55+08:00,/work/share/aczlvkl1ac/bcsd_runs/production_v2
cf-grid-v2/BCC-CSM2-MR/ssp126/wind/R02C05,BCC-CSM2-MR,ssp126,wind,R02C05,blocks,16,0,0,0,0,True,2026-10-01T01:02:55+08:00,/work/share/aczlvkl1ac/bcsd_runs/production_v2
cf-grid-v2/BCC-CSM2-MR/ssp126/wind/R02C06,BCC-CSM2-MR,ssp126,wind,R02C06,blocks,16,0,0,0,0,True,2026-10-01T01:02:55+08:00,/work/share/aczlvkl1ac/bcsd_runs/production_v2
cf-grid-v2/BCC-CSM2-MR/ssp126/wind/R02C07,BCC-CSM2-MR,ssp126,wind,R02C07,blocks,16,0,0,0,0,True,2026-10-01T01:02:55+08:00,/work/share/aczlvkl1ac/bcsd_runs/production_v2
cf-grid-v2/BCC-CSM2-MR/ssp126/wind/R02C08,BCC-CSM2-MR,ssp126,wind,R02C08,blocks,16,0,0,0,0,True,2026-10-01T01:02:55+08:00,/work/share/aczlvkl1ac/bcsd_runs/production_v2
cf-grid-v2/BCC-CSM2-MR/ssp126/wind/R02C09,BCC-CSM2-MR,ssp126,wind,R02C09,blocks,16,0,0,0,0,True,2026-10-01T01:02:55+08:00,/work/share/aczlvkl1ac/bcsd_runs/production_v2
cf-grid-v2/BCC-CSM2-MR/ssp126/wind/R02C10,BCC-CSM2-MR,ssp126,wind,R02C10,blocks,16,0,0,0,0,True,2026-10-01T01:02:55+08:00,/work/share/aczlvkl1ac/bcsd_runs/production_v2
cf-grid-v2/BCC-CSM2-MR/ssp126/wind/R02C11,BCC-CSM2-MR,ssp126,wind,R02C11,blocks,16,0,0,0,0,True,2026-10-01T01:02:55+08:00,/work/share/aczlvkl1ac/bcsd_runs/production_v2
cf-grid-v2/BCC-CSM2-MR/ssp126/wind/R02C12,BCC-CSM2-MR,ssp126,wind,R02C12,blocks,16,0,0,0,0,True,2026-10-01T01:02:55+08:00,/work/share/aczlvkl1ac/bcsd_runs/production_v2
cf-grid-v2/BCC-CSM2-MR/ssp126/wind/R03C03,BCC-CSM2-MR,ssp126,wind,R03C03,blocks,16,0,0,0,0,True,2026-10-01T01:02:55+08:00,/work/share/aczlvkl1ac/bcsd_runs/production_v2
cf-grid-v2/BCC-CSM2-MR/ssp126/wind/R03C04,BCC-CSM2-MR,ssp126,wind,R03C04,blocks,16,0,0,0,0,True,2026-10-01T01:02:55+08:00,/work/share/aczlvkl1ac/bcsd_runs/production_v2
cf-grid-v2/BCC-CSM2-MR/ssp126/wind/R03C05,BCC-CSM2-MR,ssp126,wind,R03C05,blocks,16,0,0,0,0,True,2026-10-01T01:02:55+08:00,/work/share/aczlvkl1ac/bcsd_runs/production_v2
cf-grid-v2/BCC-CSM2-MR/ssp126/wind/R03C06,BCC-CSM2-MR,ssp126,wind,R03C06,blocks,16,0,0,0,0,True,2026-10-01T01:02:55+08:00,/work/share/aczlvkl1ac/bcsd_runs/production_v2
cf-grid-v2/BCC-CSM2-MR/ssp126/wind/R03C07,BCC-CSM2-MR,ssp126,wind,R03C07,blocks,16,0,0,0,0,True,2026-10-01T01:02:55+08:00,/work/share/aczlvkl1ac/bcsd_runs/production_v2
cf-grid-v2/BCC-CSM2-MR/ssp126/wind/R03C08,BCC-CSM2-MR,ssp126,wind,R03C08,blocks,16,0,0,0,0,True,2026-10-01T01:02:55+08:00,/work/share/aczlvkl1ac/bcsd_runs/production_v2
cf-grid-v2/BCC-CSM2-MR/ssp126/wind/R03C09,BCC-CSM2-MR,ssp126,wind,R03C09,blocks,16,0,0,0,0,True,2026-10-01T01:02:55+08:00,/work/share/aczlvkl1ac/bcsd_runs/production_v2
cf-grid-v2/BCC-CSM2-MR/ssp126/wind/R03C10,BCC-CSM2-MR,ssp126,wind,R03C10,blocks,16,0,0,0,0,True,2026-10-01T01:02:55+08:00,/work/share/aczlvkl1ac/bcsd_runs/production_v2
cf-grid-v2/BCC-CSM2-MR/ssp126/wind/R03C11,BCC-CSM2-MR,ssp126,wind,R03C11,blocks,16,0,0,0,0,True,2026-10-01T01:02:55+08:00,/work/share/aczlvkl1ac/bcsd_runs/production_v2
cf-grid-v2/BCC-CSM2-MR/ssp126/wind/R04C04,BCC-CSM2-MR,ssp126,wind,R04C04,blocks,16,0,0,0,0,True,2026-10-01T01:02:55+08:00,/work/share/aczlvkl1ac/bcsd_runs/production_v2
cf-grid-v2/BCC-CSM2-MR/ssp126/wind/R04C05,BCC-CSM2-MR,ssp126,wind,R04C05,blocks,16,0,0,0,0,True,2026-10-01T01:02:55+08:00,/work/share/aczlvkl1ac/bcsd_runs/production_v2
cf-grid-v2/BCC-CSM2-MR/ssp126/wind/R04C07,BCC-CSM2-MR,ssp126,wind,R04C07,blocks,16,0,0,0,0,True,2026-10-01T01:02:55+08:00,/work/share/aczlvkl1ac/bcsd_runs/production_v2
cf-grid-v2/BCC-CSM2-MR/ssp126/wind/R04C08,BCC-CSM2-MR,ssp126,wind,R04C08,blocks,16,0,0,0,0,True,2026-10-01T01:02:55+08:00,/work/share/aczlvkl1ac/bcsd_runs/production_v2
cf-grid-v2/BCC-CSM2-MR/ssp126/wind/R04C10,BCC-CSM2-MR,ssp126,wind,R04C10,blocks,16,0,0,0,0,True,2026-10-01T01:02:55+08:00,/work/share/aczlvkl1ac/bcsd_runs/production_v2
cf-grid-v2/BCC-CSM2-MR/ssp126/wind/R04C11,BCC-CSM2-MR,ssp126,wind,R04C11,blocks,16,0,0,0,0,True,2026-10-01T01:02:55+08:00,/work/share/aczlvkl1ac/bcsd_runs/production_v2
cf-grid-v2/BCC-CSM2-MR/ssp126/wind/R04C12,BCC-CSM2-MR,ssp126,wind,R04C12,blocks,16,0,0,0,0,True,2026-10-01T01:02:55+08:00,/work/share/aczlvkl1ac/bcsd_runs/production_v2
cf-grid-v2/BCC-CSM2-MR/ssp126/wind/R05C04,BCC-CSM2-MR,ssp126,wind,R05C04,blocks,16,0,0,0,0,True,2026-10-01T01:02:55+08:00,/work/share/aczlvkl1ac/bcsd_runs/production_v2
cf-grid-v2/BCC-CSM2-MR/ssp126/wind/R05C05,BCC-CSM2-MR,ssp126,wind,R05C05,blocks,16,0,0,0,0,True,2026-10-01T01:02:55+08:00,/work/share/aczlvkl1ac/bcsd_runs/production_v2
cf-grid-v2/BCC-CSM2-MR/ssp126/wind/R05C07,BCC-CSM2-MR,ssp126,wind,R05C07,blocks,16,0,0,0,0,True,2026-10-01T01:02:55+08:00,/work/share/aczlvkl1ac/bcsd_runs/production_v2
cf-grid-v2/BCC-CSM2-MR/ssp126/wind/R05C08,BCC-CSM2-MR,ssp126,wind,R05C08,blocks,16,0,0,0,0,True,2026-10-01T01:02:55+08:00,/work/share/aczlvkl1ac/bcsd_runs/production_v2
cf-grid-v2/BCC-CSM2-MR/ssp126/wind/R05C10,BCC-CSM2-MR,ssp126,wind,R05C10,blocks,16,0,0,0,0,True,2026-10-01T01:02:55+08:00,/work/share/aczlvkl1ac/bcsd_runs/production_v2
cf-grid-v2/BCC-CSM2-MR/ssp126/wind/R05C11,BCC-CSM2-MR,ssp126,wind,R05C11,blocks,16,0,0,0,0,True,2026-10-01T01:02:55+08:00,/work/share/aczlvkl1ac/bcsd_runs/production_v2
cf-grid-v2/BCC-CSM2-MR/ssp126/wind/R05C12,BCC-CSM2-MR,ssp126,wind,R05C12,blocks,16,0,0,0,0,True,2026-10-01T01:02:55+08:00,/work/share/aczlvkl1ac/bcsd_runs/production_v2
cf-grid-v2/BCC-CSM2-MR/ssp126/solar/R01C01,BCC-CSM2-MR,ssp126,solar,R01C01,blocks,32,0,0,0,0,True,2026-10-01T01:02:55+08:00,/work/share/aczlvkl1ac/bcsd_runs/production_v2
cf-grid-v2/BCC-CSM2-MR/ssp126/solar/R01C02,BCC-CSM2-MR,ssp126,solar,R01C02,blocks,32,0,0,0,0,True,2026-10-01T01:02:55+08:00,/work/share/aczlvkl1ac/bcsd_runs/production_v2
cf-grid-v2/BCC-CSM2-MR/ssp126/solar/R01C03,BCC-CSM2-MR,ssp126,solar,R01C03,blocks,32,0,0,0,0,True,2026-10-01T01:02:55+08:00,/work/share/aczlvkl1ac/bcsd_runs/production_v2
cf-grid-v2/BCC-CSM2-MR/ssp126/solar/R01C04,BCC-CSM2-MR,ssp126,solar,R01C04,blocks,32,0,0,0,0,True,2026-10-01T01:02:55+08:00,/work/share/aczlvkl1ac/bcsd_runs/production_v2
cf-grid-v2/BCC-CSM2-MR/ssp126/solar/R01C05,BCC-CSM2-MR,ssp126,solar,R01C05,blocks,32,0,0,0,0,True,2026-10-01T01:02:55+08:00,/work/share/aczlvkl1ac/bcsd_runs/production_v2
cf-grid-v2/BCC-CSM2-MR/ssp126/solar/R01C06,BCC-CSM2-MR,ssp126,solar,R01C06,blocks,32,0,0,0,0,True,2026-10-01T01:02:55+08:00,/work/share/aczlvkl1ac/bcsd_runs/production_v2
cf-grid-v2/BCC-CSM2-MR/ssp126/solar/R01C07,BCC-CSM2-MR,ssp126,solar,R01C07,blocks,32,0,0,0,0,True,2026-10-01T01:02:55+08:00,/work/share/aczlvkl1ac/bcsd_runs/production_v2
cf-grid-v2/BCC-CSM2-MR/ssp126/solar/R01C08,BCC-CSM2-MR,ssp126,solar,R01C08,blocks,32,0,0,0,0,True,2026-10-01T01:02:55+08:00,/work/share/aczlvkl1ac/bcsd_runs/production_v2
cf-grid-v2/BCC-CSM2-MR/ssp126/solar/R01C09,BCC-CSM2-MR,ssp126,solar,R01C09,blocks,32,0,0,0,0,True,2026-10-01T01:02:55+08:00,/work/share/aczlvkl1ac/bcsd_runs/production_v2
cf-grid-v2/BCC-CSM2-MR/ssp126/solar/R01C10,BCC-CSM2-MR,ssp126,solar,R01C10,blocks,32,0,0,0,0,True,2026-10-01T01:02:55+08:00,/work/share/aczlvkl1ac/bcsd_runs/production_v2
cf-grid-v2/BCC-CSM2-MR/ssp126/solar/R01C11,BCC-CSM2-MR,ssp126,solar,R01C11,blocks,32,0,0,0,0,True,2026-10-01T01:02:55+08:00,/work/share/aczlvkl1ac/bcsd_runs/production_v2
cf-grid-v2/BCC-CSM2-MR/ssp126/solar/R01C12,BCC-CSM2-MR,ssp126,solar,R01C12,blocks,32,0,0,0,0,True,2026-10-01T01:02:55+08:00,/work/share/aczlvkl1ac/bcsd_runs/production_v2
cf-grid-v2/BCC-CSM2-MR/ssp126/solar/R02C01,BCC-CSM2-MR,ssp126,solar,R02C01,blocks,32,0,0,0,0,True,2026-10-01T01:02:55+08:00,/work/share/aczlvkl1ac/bcsd_runs/production_v2
cf-grid-v2/BCC-CSM2-MR/ssp126/solar/R02C02,BCC-CSM2-MR,ssp126,solar,R02C02,blocks,32,0,0,0,0,True,2026-10-01T01:02:55+08:00,/work/share/aczlvkl1ac/bcsd_runs/production_v2
cf-grid-v2/BCC-CSM2-MR/ssp126/solar/R02C03,BCC-CSM2-MR,ssp126,solar,R02C03,blocks,32,0,0,0,0,True,2026-10-01T01:02:55+08:00,/work/share/aczlvkl1ac/bcsd_runs/production_v2
cf-grid-v2/BCC-CSM2-MR/ssp126/solar/R02C04,BCC-CSM2-MR,ssp126,solar,R02C04,blocks,32,0,0,0,0,True,2026-10-01T01:02:55+08:00,/work/share/aczlvkl1ac/bcsd_runs/production_v2
cf-grid-v2/BCC-CSM2-MR/ssp126/solar/R02C05,BCC-CSM2-MR,ssp126,solar,R02C05,blocks,32,0,0,0,0,True,2026-10-01T01:02:55+08:00,/work/share/aczlvkl1ac/bcsd_runs/production_v2
cf-grid-v2/BCC-CSM2-MR/ssp126/solar/R02C06,BCC-CSM2-MR,ssp126,solar,R02C06,blocks,32,0,0,0,0,True,2026-10-01T01:02:55+08:00,/work/share/aczlvkl1ac/bcsd_runs/production_v2
cf-grid-v2/BCC-CSM2-MR/ssp126/solar/R02C07,BCC-CSM2-MR,ssp126,solar,R02C07,blocks,32,0,0,0,0,True,2026-10-01T01:02:55+08:00,/work/share/aczlvkl1ac/bcsd_runs/production_v2
cf-grid-v2/BCC-CSM2-MR/ssp126/solar/R02C08,BCC-CSM2-MR,ssp126,solar,R02C08,blocks,32,0,0,0,0,True,2026-10-01T01:02:55+08:00,/work/share/aczlvkl1ac/bcsd_runs/production_v2
cf-grid-v2/BCC-CSM2-MR/ssp126/solar/R02C09,BCC-CSM2-MR,ssp126,solar,R02C09,blocks,32,0,0,0,0,True,2026-10-01T01:02:55+08:00,/work/share/aczlvkl1ac/bcsd_runs/production_v2
cf-grid-v2/BCC-CSM2-MR/ssp126/solar/R02C10,BCC-CSM2-MR,ssp126,solar,R02C10,blocks,32,0,0,0,0,True,2026-10-01T01:02:55+08:00,/work/share/aczlvkl1ac/bcsd_runs/production_v2
cf-grid-v2/BCC-CSM2-MR/ssp126/solar/R02C11,BCC-CSM2-MR,ssp126,solar,R02C11,blocks,32,0,0,0,0,True,2026-10-01T01:02:55+08:00,/work/share/aczlvkl1ac/bcsd_runs/production_v2
cf-grid-v2/BCC-CSM2-MR/ssp126/solar/R02C12,BCC-CSM2-MR,ssp126,solar,R02C12,blocks,32,0,0,0,0,True,2026-10-01T01:02:55+08:00,/work/share/aczlvkl1ac/bcsd_runs/production_v2
cf-grid-v2/BCC-CSM2-MR/ssp126/solar/R03C03,BCC-CSM2-MR,ssp126,solar,R03C03,blocks,32,0,0,0,0,True,2026-10-01T01:02:55+08:00,/work/share/aczlvkl1ac/bcsd_runs/production_v2
cf-grid-v2/BCC-CSM2-MR/ssp126/solar/R03C04,BCC-CSM2-MR,ssp126,solar,R03C04,blocks,32,0,0,0,0,True,2026-10-01T01:02:55+08:00,/work/share/aczlvkl1ac/bcsd_runs/production_v2
cf-grid-v2/BCC-CSM2-MR/ssp126/solar/R03C05,BCC-CSM2-MR,ssp126,solar,R03C05,blocks,32,0,0,0,0,True,2026-10-01T01:02:55+08:00,/work/share/aczlvkl1ac/bcsd_runs/production_v2
cf-grid-v2/BCC-CSM2-MR/ssp126/solar/R03C06,BCC-CSM2-MR,ssp126,solar,R03C06,blocks,32,0,0,0,0,True,2026-10-01T01:02:55+08:00,/work/share/aczlvkl1ac/bcsd_runs/production_v2
cf-grid-v2/BCC-CSM2-MR/ssp126/solar/R03C07,BCC-CSM2-MR,ssp126,solar,R03C07,blocks,32,0,0,0,0,True,2026-10-01T01:02:55+08:00,/work/share/aczlvkl1ac/bcsd_runs/production_v2
cf-grid-v2/BCC-CSM2-MR/ssp126/solar/R03C08,BCC-CSM2-MR,ssp126,solar,R03C08,blocks,32,0,0,0,0,True,2026-10-01T01:02:55+08:00,/work/share/aczlvkl1ac/bcsd_runs/production_v2
cf-grid-v2/BCC-CSM2-MR/ssp126/solar/R03C09,BCC-CSM2-MR,ssp126,solar,R03C09,blocks,32,0,0,0,0,True,2026-10-01T01:02:55+08:00,/work/share/aczlvkl1ac/bcsd_runs/production_v2
cf-grid-v2/BCC-CSM2-MR/ssp126/solar/R03C10,BCC-CSM2-MR,ssp126,solar,R03C10,blocks,32,0,0,0,0,True,2026-10-01T01:02:55+08:00,/work/share/aczlvkl1ac/bcsd_runs/production_v2
cf-grid-v2/BCC-CSM2-MR/ssp126/solar/R03C11,BCC-CSM2-MR,ssp126,solar,R03C11,blocks,32,0,0,0,0,True,2026-10-01T01:02:55+08:00,/work/share/aczlvkl1ac/bcsd_runs/production_v2
cf-grid-v2/BCC-CSM2-MR/ssp126/solar/R04C04,BCC-CSM2-MR,ssp126,solar,R04C04,blocks,32,0,0,0,0,True,2026-10-01T01:02:55+08:00,/work/share/aczlvkl1ac/bcsd_runs/production_v2
cf-grid-v2/BCC-CSM2-MR/ssp126/solar/R04C05,BCC-CSM2-MR,ssp126,solar,R04C05,blocks,32,0,0,0,0,True,2026-10-01T01:02:55+08:00,/work/share/aczlvkl1ac/bcsd_runs/production_v2
cf-grid-v2/BCC-CSM2-MR/ssp126/solar/R04C07,BCC-CSM2-MR,ssp126,solar,R04C07,blocks,32,0,0,0,0,True,2026-10-01T01:02:55+08:00,/work/share/aczlvkl1ac/bcsd_runs/production_v2
cf-grid-v2/BCC-CSM2-MR/ssp126/solar/R04C08,BCC-CSM2-MR,ssp126,solar,R04C08,blocks,32,0,0,0,0,True,2026-10-01T01:02:55+08:00,/work/share/aczlvkl1ac/bcsd_runs/production_v2
cf-grid-v2/BCC-CSM2-MR/ssp126/solar/R04C10,BCC-CSM2-MR,ssp126,solar,R04C10,blocks,32,0,0,0,0,True,2026-10-01T01:02:55+08:00,/work/share/aczlvkl1ac/bcsd_runs/production_v2
cf-grid-v2/BCC-CSM2-MR/ssp126/solar/R04C11,BCC-CSM2-MR,ssp126,solar,R04C11,blocks,32,0,0,0,0,True,2026-10-01T01:02:55+08:00,/work/share/aczlvkl1ac/bcsd_runs/production_v2
cf-grid-v2/BCC-CSM2-MR/ssp126/solar/R04C12,BCC-CSM2-MR,ssp126,solar,R04C12,blocks,32,0,0,0,0,True,2026-10-01T01:02:55+08:00,/work/share/aczlvkl1ac/bcsd_runs/production_v2
cf-grid-v2/BCC-CSM2-MR/ssp126/solar/R05C04,BCC-CSM2-MR,ssp126,solar,R05C04,blocks,32,0,0,0,0,True,2026-10-01T01:02:55+08:00,/work/share/aczlvkl1ac/bcsd_runs/production_v2
cf-grid-v2/BCC-CSM2-MR/ssp126/solar/R05C05,BCC-CSM2-MR,ssp126,solar,R05C05,blocks,32,0,0,0,0,True,2026-10-01T01:02:55+08:00,/work/share/aczlvkl1ac/bcsd_runs/production_v2
cf-grid-v2/BCC-CSM2-MR/ssp126/solar/R05C07,BCC-CSM2-MR,ssp126,solar,R05C07,blocks,32,0,0,0,0,True,2026-10-01T01:02:55+08:00,/work/share/aczlvkl1ac/bcsd_runs/production_v2
cf-grid-v2/BCC-CSM2-MR/ssp126/solar/R05C08,BCC-CSM2-MR,ssp126,solar,R05C08,blocks,32,0,0,0,0,True,2026-10-01T01:02:55+08:00,/work/share/aczlvkl1ac/bcsd_runs/production_v2
cf-grid-v2/BCC-CSM2-MR/ssp126/solar/R05C10,BCC-CSM2-MR,ssp126,solar,R05C10,blocks,32,0,0,0,0,True,2026-10-01T01:02:55+08:00,/work/share/aczlvkl1ac/bcsd_runs/production_v2
cf-grid-v2/BCC-CSM2-MR/ssp126/solar/R05C11,BCC-CSM2-MR,ssp126,solar,R05C11,blocks,32,0,0,0,0,True,2026-10-01T01:02:55+08:00,/work/share/aczlvkl1ac/bcsd_runs/production_v2
cf-grid-v2/BCC-CSM2-MR/ssp126/solar/R05C12,BCC-CSM2-MR,ssp126,solar,R05C12,blocks,32,0,0,0,0,True,2026-10-01T01:02:55+08:00,/work/share/aczlvkl1ac/bcsd_runs/production_v2
cf-grid-v2/BCC-CSM2-MR/ssp245/wind/R01C01,BCC-CSM2-MR,ssp245,wind,R01C01,blocks,16,0,0,0,0,True,2026-10-01T01:02:55+08:00,/work/share/aczlvkl1ac/bcsd_runs/production_v2
cf-grid-v2/BCC-CSM2-MR/ssp245/wind/R01C02,BCC-CSM2-MR,ssp245,wind,R01C02,blocks,16,0,0,0,0,True,2026-10-01T01:02:55+08:00,/work/share/aczlvkl1ac/bcsd_runs/production_v2
cf-grid-v2/BCC-CSM2-MR/ssp245/wind/R01C03,BCC-CSM2-MR,ssp245,wind,R01C03,blocks,16,0,0,0,0,True,2026-10-01T01:02:55+08:00,/work/share/aczlvkl1ac/bcsd_runs/production_v2
cf-grid-v2/BCC-CSM2-MR/ssp245/wind/R01C04,BCC-CSM2-MR,ssp245,wind,R01C04,blocks,16,0,0,0,0,True,2026-10-01T01:02:55+08:00,/work/share/aczlvkl1ac/bcsd_runs/production_v2
cf-grid-v2/BCC-CSM2-MR/ssp245/wind/R01C05,BCC-CSM2-MR,ssp245,wind,R01C05,blocks,16,0,0,0,0,True,2026-10-01T01:02:55+08:00,/work/share/aczlvkl1ac/bcsd_runs/production_v2
cf-grid-v2/BCC-CSM2-MR/ssp245/wind/R01C06,BCC-CSM2-MR,ssp245,wind,R01C06,blocks,16,0,0,0,0,True,2026-10-01T01:02:55+08:00,/work/share/aczlvkl1ac/bcsd_runs/production_v2
cf-grid-v2/BCC-CSM2-MR/ssp245/wind/R01C07,BCC-CSM2-MR,ssp245,wind,R01C07,blocks,16,0,0,0,0,True,2026-10-01T01:02:55+08:00,/work/share/aczlvkl1ac/bcsd_runs/production_v2
cf-grid-v2/BCC-CSM2-MR/ssp245/wind/R01C08,BCC-CSM2-MR,ssp245,wind,R01C08,blocks,16,0,0,0,0,True,2026-10-01T01:02:55+08:00,/work/share/aczlvkl1ac/bcsd_runs/production_v2
cf-grid-v2/BCC-CSM2-MR/ssp245/wind/R01C09,BCC-CSM2-MR,ssp245,wind,R01C09,blocks,16,0,0,0,0,True,2026-10-01T01:02:55+08:00,/work/share/aczlvkl1ac/bcsd_runs/production_v2
cf-grid-v2/BCC-CSM2-MR/ssp245/wind/R01C10,BCC-CSM2-MR,ssp245,wind,R01C10,blocks,16,0,0,0,0,True,2026-10-01T01:02:55+08:00,/work/share/aczlvkl1ac/bcsd_runs/production_v2
cf-grid-v2/BCC-CSM2-MR/ssp245/wind/R01C11,BCC-CSM2-MR,ssp245,wind,R01C11,blocks,16,0,0,0,0,True,2026-10-01T01:02:55+08:00,/work/share/aczlvkl1ac/bcsd_runs/production_v2
cf-grid-v2/BCC-CSM2-MR/ssp245/wind/R01C12,BCC-CSM2-MR,ssp245,wind,R01C12,blocks,16,0,0,0,0,True,2026-10-01T01:02:55+08:00,/work/share/aczlvkl1ac/bcsd_runs/production_v2
cf-grid-v2/BCC-CSM2-MR/ssp245/wind/R02C01,BCC-CSM2-MR,ssp245,wind,R02C01,blocks,16,0,0,0,0,True,2026-10-01T01:02:55+08:00,/work/share/aczlvkl1ac/bcsd_runs/production_v2
cf-grid-v2/BCC-CSM2-MR/ssp245/wind/R02C02,BCC-CSM2-MR,ssp245,wind,R02C02,blocks,16,0,0,0,0,True,2026-10-01T01:02:55+08:00,/work/share/aczlvkl1ac/bcsd_runs/production_v2
cf-grid-v2/BCC-CSM2-MR/ssp245/wind/R02C03,BCC-CSM2-MR,ssp245,wind,R02C03,blocks,16,0,0,0,0,True,2026-10-01T01:02:55+08:00,/work/share/aczlvkl1ac/bcsd_runs/production_v2
cf-grid-v2/BCC-CSM2-MR/ssp245/wind/R02C04,BCC-CSM2-MR,ssp245,wind,R02C04,blocks,16,0,0,0,0,True,2026-10-01T01:02:55+08:00,/work/share/aczlvkl1ac/bcsd_runs/production_v2
cf-grid-v2/BCC-CSM2-MR/ssp245/wind/R02C05,BCC-CSM2-MR,ssp245,wind,R02C05,blocks,16,0,0,0,0,True,2026-10-01T01:02:55+08:00,/work/share/aczlvkl1ac/bcsd_runs/production_v2
cf-grid-v2/BCC-CSM2-MR/ssp245/wind/R02C06,BCC-CSM2-MR,ssp245,wind,R02C06,blocks,16,0,0,0,0,True,2026-10-01T01:02:55+08:00,/work/share/aczlvkl1ac/bcsd_runs/production_v2
cf-grid-v2/BCC-CSM2-MR/ssp245/wind/R02C07,BCC-CSM2-MR,ssp245,wind,R02C07,blocks,16,0,0,0,0,True,2026-10-01T01:02:55+08:00,/work/share/aczlvkl1ac/bcsd_runs/production_v2
cf-grid-v2/BCC-CSM2-MR/ssp245/wind/R02C08,BCC-CSM2-MR,ssp245,wind,R02C08,blocks,16,0,0,0,0,True,2026-10-01T01:02:55+08:00,/work/share/aczlvkl1ac/bcsd_runs/production_v2
cf-grid-v2/BCC-CSM2-MR/ssp245/wind/R02C09,BCC-CSM2-MR,ssp245,wind,R02C09,blocks,16,0,0,0,0,True,2026-10-01T01:02:55+08:00,/work/share/aczlvkl1ac/bcsd_runs/production_v2
cf-grid-v2/BCC-CSM2-MR/ssp245/wind/R02C10,BCC-CSM2-MR,ssp245,wind,R02C10,blocks,16,0,0,0,0,True,2026-10-01T01:02:55+08:00,/work/share/aczlvkl1ac/bcsd_runs/production_v2
cf-grid-v2/BCC-CSM2-MR/ssp245/wind/R02C11,BCC-CSM2-MR,ssp245,wind,R02C11,blocks,16,0,0,0,0,True,2026-10-01T01:02:55+08:00,/work/share/aczlvkl1ac/bcsd_runs/production_v2
cf-grid-v2/BCC-CSM2-MR/ssp245/wind/R02C12,BCC-CSM2-MR,ssp245,wind,R02C12,blocks,16,0,0,0,0,True,2026-10-01T01:02:55+08:00,/work/share/aczlvkl1ac/bcsd_runs/production_v2
cf-grid-v2/BCC-CSM2-MR/ssp245/wind/R03C03,BCC-CSM2-MR,ssp245,wind,R03C03,blocks,16,0,0,0,0,True,2026-10-01T01:02:55+08:00,/work/share/aczlvkl1ac/bcsd_runs/production_v2
cf-grid-v2/BCC-CSM2-MR/ssp245/wind/R03C04,BCC-CSM2-MR,ssp245,wind,R03C04,blocks,16,0,0,0,0,True,2026-10-01T01:02:55+08:00,/work/share/aczlvkl1ac/bcsd_runs/production_v2
cf-grid-v2/BCC-CSM2-MR/ssp245/wind/R03C05,BCC-CSM2-MR,ssp245,wind,R03C05,blocks,16,0,0,0,0,True,2026-10-01T01:02:55+08:00,/work/share/aczlvkl1ac/bcsd_runs/production_v2
cf-grid-v2/BCC-CSM2-MR/ssp245/wind/R03C06,BCC-CSM2-MR,ssp245,wind,R03C06,blocks,16,0,0,0,0,True,2026-10-01T01:02:55+08:00,/work/share/aczlvkl1ac/bcsd_runs/production_v2
cf-grid-v2/BCC-CSM2-MR/ssp245/wind/R03C07,BCC-CSM2-MR,ssp245,wind,R03C07,blocks,16,0,0,0,0,True,2026-10-01T01:02:55+08:00,/work/share/aczlvkl1ac/bcsd_runs/production_v2
cf-grid-v2/BCC-CSM2-MR/ssp245/wind/R03C08,BCC-CSM2-MR,ssp245,wind,R03C08,blocks,16,0,0,0,0,True,2026-10-01T01:02:55+08:00,/work/share/aczlvkl1ac/bcsd_runs/production_v2
cf-grid-v2/BCC-CSM2-MR/ssp245/wind/R03C09,BCC-CSM2-MR,ssp245,wind,R03C09,blocks,16,0,0,0,0,True,2026-10-01T01:02:55+08:00,/work/share/aczlvkl1ac/bcsd_runs/production_v2
cf-grid-v2/BCC-CSM2-MR/ssp245/wind/R03C10,BCC-CSM2-MR,ssp245,wind,R03C10,blocks,16,0,0,0,0,True,2026-10-01T01:02:55+08:00,/work/share/aczlvkl1ac/bcsd_runs/production_v2
cf-grid-v2/BCC-CSM2-MR/ssp245/wind/R03C11,BCC-CSM2-MR,ssp245,wind,R03C11,blocks,16,0,0,0,0,True,2026-10-01T01:02:55+08:00,/work/share/aczlvkl1ac/bcsd_runs/production_v2
cf-grid-v2/BCC-CSM2-MR/ssp245/wind/R04C04,BCC-CSM2-MR,ssp245,wind,R04C04,blocks,16,0,0,0,0,True,2026-10-01T01:02:55+08:00,/work/share/aczlvkl1ac/bcsd_runs/production_v2
cf-grid-v2/BCC-CSM2-MR/ssp245/wind/R04C05,BCC-CSM2-MR,ssp245,wind,R04C05,blocks,16,0,0,0,0,True,2026-10-01T01:02:55+08:00,/work/share/aczlvkl1ac/bcsd_runs/production_v2
cf-grid-v2/BCC-CSM2-MR/ssp245/wind/R04C07,BCC-CSM2-MR,ssp245,wind,R04C07,blocks,16,0,0,0,0,True,2026-10-01T01:02:55+08:00,/work/share/aczlvkl1ac/bcsd_runs/production_v2
cf-grid-v2/BCC-CSM2-MR/ssp245/wind/R04C08,BCC-CSM2-MR,ssp245,wind,R04C08,blocks,16,0,0,0,0,True,2026-10-01T01:02:55+08:00,/work/share/aczlvkl1ac/bcsd_runs/production_v2
cf-grid-v2/BCC-CSM2-MR/ssp245/wind/R04C10,BCC-CSM2-MR,ssp245,wind,R04C10,blocks,16,0,0,0,0,True,2026-10-01T01:02:55+08:00,/work/share/aczlvkl1ac/bcsd_runs/production_v2
cf-grid-v2/BCC-CSM2-MR/ssp245/wind/R04C11,BCC-CSM2-MR,ssp245,wind,R04C11,blocks,16,0,0,0,0,True,2026-10-01T01:02:55+08:00,/work/share/aczlvkl1ac/bcsd_runs/production_v2
cf-grid-v2/BCC-CSM2-MR/ssp245/wind/R04C12,BCC-CSM2-MR,ssp245,wind,R04C12,blocks,16,0,0,0,0,True,2026-10-01T01:02:55+08:00,/work/share/aczlvkl1ac/bcsd_runs/production_v2
cf-grid-v2/BCC-CSM2-MR/ssp245/wind/R05C04,BCC-CSM2-MR,ssp245,wind,R05C04,blocks,16,0,0,0,0,True,2026-10-01T01:02:55+08:00,/work/share/aczlvkl1ac/bcsd_runs/production_v2
cf-grid-v2/BCC-CSM2-MR/ssp245/wind/R05C05,BCC-CSM2-MR,ssp245,wind,R05C05,blocks,16,0,0,0,0,True,2026-10-01T01:02:55+08:00,/work/share/aczlvkl1ac/bcsd_runs/production_v2
cf-grid-v2/BCC-CSM2-MR/ssp245/wind/R05C07,BCC-CSM2-MR,ssp245,wind,R05C07,blocks,16,0,0,0,0,True,2026-10-01T01:02:55+08:00,/work/share/aczlvkl1ac/bcsd_runs/production_v2
cf-grid-v2/BCC-CSM2-MR/ssp245/wind/R05C08,BCC-CSM2-MR,ssp245,wind,R05C08,blocks,16,0,0,0,0,True,2026-10-01T01:02:55+08:00,/work/share/aczlvkl1ac/bcsd_runs/production_v2
cf-grid-v2/BCC-CSM2-MR/ssp245/wind/R05C10,BCC-CSM2-MR,ssp245,wind,R05C10,blocks,16,0,0,0,0,True,2026-10-01T01:02:55+08:00,/work/share/aczlvkl1ac/bcsd_runs/production_v2
cf-grid-v2/BCC-CSM2-MR/ssp245/wind/R05C11,BCC-CSM2-MR,ssp245,wind,R05C11,blocks,16,0,0,0,0,True,2026-10-01T01:02:55+08:00,/work/share/aczlvkl1ac/bcsd_runs/production_v2
cf-grid-v2/BCC-CSM2-MR/ssp245/wind/R05C12,BCC-CSM2-MR,ssp245,wind,R05C12,blocks,16,0,0,0,0,True,2026-10-01T01:02:55+08:00,/work/share/aczlvkl1ac/bcsd_runs/production_v2
cf-grid-v2/BCC-CSM2-MR/ssp245/solar/R01C01,BCC-CSM2-MR,ssp245,solar,R01C01,blocks,32,0,0,0,0,True,2026-10-01T01:02:55+08:00,/work/share/aczlvkl1ac/bcsd_runs/production_v2
cf-grid-v2/BCC-CSM2-MR/ssp245/solar/R01C02,BCC-CSM2-MR,ssp245,solar,R01C02,blocks,32,0,0,0,0,True,2026-10-01T01:02:55+08:00,/work/share/aczlvkl1ac/bcsd_runs/production_v2
cf-grid-v2/BCC-CSM2-MR/ssp245/solar/R01C03,BCC-CSM2-MR,ssp245,solar,R01C03,blocks,32,0,0,0,0,True,2026-10-01T01:02:55+08:00,/work/share/aczlvkl1ac/bcsd_runs/production_v2
cf-grid-v2/BCC-CSM2-MR/ssp245/solar/R01C04,BCC-CSM2-MR,ssp245,solar,R01C04,blocks,32,0,0,0,0,True,2026-10-01T01:02:55+08:00,/work/share/aczlvkl1ac/bcsd_runs/production_v2
cf-grid-v2/BCC-CSM2-MR/ssp245/solar/R01C05,BCC-CSM2-MR,ssp245,solar,R01C05,blocks,32,0,0,0,0,True,2026-10-01T01:02:55+08:00,/work/share/aczlvkl1ac/bcsd_runs/production_v2
cf-grid-v2/BCC-CSM2-MR/ssp245/solar/R01C06,BCC-CSM2-MR,ssp245,solar,R01C06,blocks,32,0,0,0,0,True,2026-10-01T01:02:55+08:00,/work/share/aczlvkl1ac/bcsd_runs/production_v2
cf-grid-v2/BCC-CSM2-MR/ssp245/solar/R01C07,BCC-CSM2-MR,ssp245,solar,R01C07,blocks,32,0,0,0,0,True,2026-10-01T01:02:55+08:00,/work/share/aczlvkl1ac/bcsd_runs/production_v2
cf-grid-v2/BCC-CSM2-MR/ssp245/solar/R01C08,BCC-CSM2-MR,ssp245,solar,R01C08,blocks,32,0,0,0,0,True,2026-10-01T01:02:55+08:00,/work/share/aczlvkl1ac/bcsd_runs/production_v2
cf-grid-v2/BCC-CSM2-MR/ssp245/solar/R01C09,BCC-CSM2-MR,ssp245,solar,R01C09,blocks,32,0,0,0,0,True,2026-10-01T01:02:55+08:00,/work/share/aczlvkl1ac/bcsd_runs/production_v2
cf-grid-v2/BCC-CSM2-MR/ssp245/solar/R01C10,BCC-CSM2-MR,ssp245,solar,R01C10,blocks,32,0,0,0,0,True,2026-10-01T01:02:55+08:00,/work/share/aczlvkl1ac/bcsd_runs/production_v2
cf-grid-v2/BCC-CSM2-MR/ssp245/solar/R01C11,BCC-CSM2-MR,ssp245,solar,R01C11,blocks,32,0,0,0,0,True,2026-10-01T01:02:55+08:00,/work/share/aczlvkl1ac/bcsd_runs/production_v2
cf-grid-v2/BCC-CSM2-MR/ssp245/solar/R01C12,BCC-CSM2-MR,ssp245,solar,R01C12,blocks,32,0,0,0,0,True,2026-10-01T01:02:55+08:00,/work/share/aczlvkl1ac/bcsd_runs/production_v2
cf-grid-v2/BCC-CSM2-MR/ssp245/solar/R02C01,BCC-CSM2-MR,ssp245,solar,R02C01,blocks,32,0,0,0,0,True,2026-10-01T01:02:55+08:00,/work/share/aczlvkl1ac/bcsd_runs/production_v2
cf-grid-v2/BCC-CSM2-MR/ssp245/solar/R02C02,BCC-CSM2-MR,ssp245,solar,R02C02,blocks,32,0,0,0,0,True,2026-10-01T01:02:55+08:00,/work/share/aczlvkl1ac/bcsd_runs/production_v2
cf-grid-v2/BCC-CSM2-MR/ssp245/solar/R02C03,BCC-CSM2-MR,ssp245,solar,R02C03,blocks,32,0,0,0,0,True,2026-10-01T01:02:55+08:00,/work/share/aczlvkl1ac/bcsd_runs/production_v2
cf-grid-v2/BCC-CSM2-MR/ssp245/solar/R02C04,BCC-CSM2-MR,ssp245,solar,R02C04,blocks,32,0,0,0,0,True,2026-10-01T01:02:55+08:00,/work/share/aczlvkl1ac/bcsd_runs/production_v2
cf-grid-v2/BCC-CSM2-MR/ssp245/solar/R02C05,BCC-CSM2-MR,ssp245,solar,R02C05,blocks,32,0,0,0,0,True,2026-10-01T01:02:55+08:00,/work/share/aczlvkl1ac/bcsd_runs/production_v2
cf-grid-v2/BCC-CSM2-MR/ssp245/solar/R02C06,BCC-CSM2-MR,ssp245,solar,R02C06,blocks,32,0,0,0,0,True,2026-10-01T01:02:55+08:00,/work/share/aczlvkl1ac/bcsd_runs/production_v2
cf-grid-v2/BCC-CSM2-MR/ssp245/solar/R02C07,BCC-CSM2-MR,ssp245,solar,R02C07,blocks,32,0,0,0,0,True,2026-10-01T01:02:55+08:00,/work/share/aczlvkl1ac/bcsd_runs/production_v2
cf-grid-v2/BCC-CSM2-MR/ssp245/solar/R02C08,BCC-CSM2-MR,ssp245,solar,R02C08,blocks,32,0,0,0,0,True,2026-10-01T01:02:55+08:00,/work/share/aczlvkl1ac/bcsd_runs/production_v2
cf-grid-v2/BCC-CSM2-MR/ssp245/solar/R02C09,BCC-CSM2-MR,ssp245,solar,R02C09,blocks,32,0,0,0,0,True,2026-10-01T01:02:55+08:00,/work/share/aczlvkl1ac/bcsd_runs/production_v2
cf-grid-v2/BCC-CSM2-MR/ssp245/solar/R02C10,BCC-CSM2-MR,ssp245,solar,R02C10,blocks,32,0,0,0,0,True,2026-10-01T01:02:55+08:00,/work/share/aczlvkl1ac/bcsd_runs/production_v2
cf-grid-v2/BCC-CSM2-MR/ssp245/solar/R02C11,BCC-CSM2-MR,ssp245,solar,R02C11,blocks,32,0,0,0,0,True,2026-10-01T01:02:55+08:00,/work/share/aczlvkl1ac/bcsd_runs/production_v2
cf-grid-v2/BCC-CSM2-MR/ssp245/solar/R02C12,BCC-CSM2-MR,ssp245,solar,R02C12,blocks,32,0,0,0,0,True,2026-10-01T01:02:55+08:00,/work/share/aczlvkl1ac/bcsd_runs/production_v2
cf-grid-v2/BCC-CSM2-MR/ssp245/solar/R03C03,BCC-CSM2-MR,ssp245,solar,R03C03,blocks,32,0,0,0,0,True,2026-10-01T01:02:55+08:00,/work/share/aczlvkl1ac/bcsd_runs/production_v2
cf-grid-v2/BCC-CSM2-MR/ssp245/solar/R03C04,BCC-CSM2-MR,ssp245,solar,R03C04,blocks,32,0,0,0,0,True,2026-10-01T01:02:55+08:00,/work/share/aczlvkl1ac/bcsd_runs/production_v2
cf-grid-v2/BCC-CSM2-MR/ssp245/solar/R03C05,BCC-CSM2-MR,ssp245,solar,R03C05,blocks,32,0,0,0,0,True,2026-10-01T01:02:55+08:00,/work/share/aczlvkl1ac/bcsd_runs/production_v2
cf-grid-v2/BCC-CSM2-MR/ssp245/solar/R03C06,BCC-CSM2-MR,ssp245,solar,R03C06,blocks,32,0,0,0,0,True,2026-10-01T01:02:55+08:00,/work/share/aczlvkl1ac/bcsd_runs/production_v2
cf-grid-v2/BCC-CSM2-MR/ssp245/solar/R03C07,BCC-CSM2-MR,ssp245,solar,R03C07,blocks,32,0,0,0,0,True,2026-10-01T01:02:55+08:00,/work/share/aczlvkl1ac/bcsd_runs/production_v2
cf-grid-v2/BCC-CSM2-MR/ssp245/solar/R03C08,BCC-CSM2-MR,ssp245,solar,R03C08,blocks,32,0,0,0,0,True,2026-10-01T01:02:55+08:00,/work/share/aczlvkl1ac/bcsd_runs/production_v2
cf-grid-v2/BCC-CSM2-MR/ssp245/solar/R03C09,BCC-CSM2-MR,ssp245,solar,R03C09,blocks,32,0,0,0,0,True,2026-10-01T01:02:55+08:00,/work/share/aczlvkl1ac/bcsd_runs/production_v2
cf-grid-v2/BCC-CSM2-MR/ssp245/solar/R03C10,BCC-CSM2-MR,ssp245,solar,R03C10,blocks,32,0,0,0,0,True,2026-10-01T01:02:55+08:00,/work/share/aczlvkl1ac/bcsd_runs/production_v2
cf-grid-v2/BCC-CSM2-MR/ssp245/solar/R03C11,BCC-CSM2-MR,ssp245,solar,R03C11,blocks,32,0,0,0,0,True,2026-10-01T01:02:55+08:00,/work/share/aczlvkl1ac/bcsd_runs/production_v2
cf-grid-v2/BCC-CSM2-MR/ssp245/solar/R04C04,BCC-CSM2-MR,ssp245,solar,R04C04,blocks,32,0,0,0,0,True,2026-10-01T01:02:55+08:00,/work/share/aczlvkl1ac/bcsd_runs/production_v2
cf-grid-v2/BCC-CSM2-MR/ssp245/solar/R04C05,BCC-CSM2-MR,ssp245,solar,R04C05,blocks,32,0,0,0,0,True,2026-10-01T01:02:55+08:00,/work/share/aczlvkl1ac/bcsd_runs/production_v2
cf-grid-v2/BCC-CSM2-MR/ssp245/solar/R04C07,BCC-CSM2-MR,ssp245,solar,R04C07,blocks,32,0,0,0,0,True,2026-10-01T01:02:55+08:00,/work/share/aczlvkl1ac/bcsd_runs/production_v2
cf-grid-v2/BCC-CSM2-MR/ssp245/solar/R04C08,BCC-CSM2-MR,ssp245,solar,R04C08,blocks,32,0,0,0,0,True,2026-10-01T01:02:55+08:00,/work/share/aczlvkl1ac/bcsd_runs/production_v2
cf-grid-v2/BCC-CSM2-MR/ssp245/solar/R04C10,BCC-CSM2-MR,ssp245,solar,R04C10,blocks,32,0,0,0,0,True,2026-10-01T01:02:55+08:00,/work/share/aczlvkl1ac/bcsd_runs/production_v2
cf-grid-v2/BCC-CSM2-MR/ssp245/solar/R04C11,BCC-CSM2-MR,ssp245,solar,R04C11,blocks,32,0,0,0,0,True,2026-10-01T01:02:55+08:00,/work/share/aczlvkl1ac/bcsd_runs/production_v2
cf-grid-v2/BCC-CSM2-MR/ssp245/solar/R04C12,BCC-CSM2-MR,ssp245,solar,R04C12,blocks,32,0,0,0,0,True,2026-10-01T01:02:55+08:00,/work/share/aczlvkl1ac/bcsd_runs/production_v2
cf-grid-v2/BCC-CSM2-MR/ssp245/solar/R05C04,BCC-CSM2-MR,ssp245,solar,R05C04,blocks,32,0,0,0,0,True,2026-10-01T01:02:55+08:00,/work/share/aczlvkl1ac/bcsd_runs/production_v2
cf-grid-v2/BCC-CSM2-MR/ssp245/solar/R05C05,BCC-CSM2-MR,ssp245,solar,R05C05,blocks,32,0,0,0,0,True,2026-10-01T01:02:55+08:00,/work/share/aczlvkl1ac/bcsd_runs/production_v2
cf-grid-v2/BCC-CSM2-MR/ssp245/solar/R05C07,BCC-CSM2-MR,ssp245,solar,R05C07,blocks,32,0,0,0,0,True,2026-10-01T01:02:55+08:00,/work/share/aczlvkl1ac/bcsd_runs/production_v2
cf-grid-v2/BCC-CSM2-MR/ssp245/solar/R05C08,BCC-CSM2-MR,ssp245,solar,R05C08,blocks,32,0,0,0,0,True,2026-10-01T01:02:55+08:00,/work/share/aczlvkl1ac/bcsd_runs/production_v2
cf-grid-v2/BCC-CSM2-MR/ssp245/solar/R05C10,BCC-CSM2-MR,ssp245,solar,R05C10,blocks,32,0,0,0,0,True,2026-10-01T01:02:55+08:00,/work/share/aczlvkl1ac/bcsd_runs/production_v2
cf-grid-v2/BCC-CSM2-MR/ssp245/solar/R05C11,BCC-CSM2-MR,ssp245,solar,R05C11,blocks,32,0,0,0,0,True,2026-10-01T01:02:55+08:00,/work/share/aczlvkl1ac/bcsd_runs/production_v2
cf-grid-v2/BCC-CSM2-MR/ssp245/solar/R05C12,BCC-CSM2-MR,ssp245,solar,R05C12,blocks,32,0,0,0,0,True,2026-10-01T01:02:55+08:00,/work/share/aczlvkl1ac/bcsd_runs/production_v2
cf-grid-v2/BCC-CSM2-MR/ssp585/wind/R01C01,BCC-CSM2-MR,ssp585,wind,R01C01,blocks,16,0,0,0,0,True,2026-10-01T01:02:55+08:00,/work/share/aczlvkl1ac/bcsd_runs/production_v2
cf-grid-v2/BCC-CSM2-MR/ssp585/wind/R01C02,BCC-CSM2-MR,ssp585,wind,R01C02,blocks,16,0,0,0,0,True,2026-10-01T01:02:55+08:00,/work/share/aczlvkl1ac/bcsd_runs/production_v2
cf-grid-v2/BCC-CSM2-MR/ssp585/wind/R01C03,BCC-CSM2-MR,ssp585,wind,R01C03,blocks,16,0,0,0,0,True,2026-10-01T01:02:55+08:00,/work/share/aczlvkl1ac/bcsd_runs/production_v2
cf-grid-v2/BCC-CSM2-MR/ssp585/wind/R01C04,BCC-CSM2-MR,ssp585,wind,R01C04,blocks,16,0,0,0,0,True,2026-10-01T01:02:55+08:00,/work/share/aczlvkl1ac/bcsd_runs/production_v2
cf-grid-v2/BCC-CSM2-MR/ssp585/wind/R01C05,BCC-CSM2-MR,ssp585,wind,R01C05,blocks,16,0,0,0,0,True,2026-10-01T01:02:55+08:00,/work/share/aczlvkl1ac/bcsd_runs/production_v2
cf-grid-v2/BCC-CSM2-MR/ssp585/wind/R01C06,BCC-CSM2-MR,ssp585,wind,R01C06,blocks,16,0,0,0,0,True,2026-10-01T01:02:55+08:00,/work/share/aczlvkl1ac/bcsd_runs/production_v2
cf-grid-v2/BCC-CSM2-MR/ssp585/wind/R01C07,BCC-CSM2-MR,ssp585,wind,R01C07,blocks,16,0,0,0,0,True,2026-10-01T01:02:55+08:00,/work/share/aczlvkl1ac/bcsd_runs/production_v2
cf-grid-v2/BCC-CSM2-MR/ssp585/wind/R01C08,BCC-CSM2-MR,ssp585,wind,R01C08,blocks,16,0,0,0,0,True,2026-10-01T01:02:55+08:00,/work/share/aczlvkl1ac/bcsd_runs/production_v2
cf-grid-v2/BCC-CSM2-MR/ssp585/wind/R01C09,BCC-CSM2-MR,ssp585,wind,R01C09,blocks,16,0,0,0,0,True,2026-10-01T01:02:55+08:00,/work/share/aczlvkl1ac/bcsd_runs/production_v2
cf-grid-v2/BCC-CSM2-MR/ssp585/wind/R01C10,BCC-CSM2-MR,ssp585,wind,R01C10,blocks,16,0,0,0,0,True,2026-10-01T01:02:55+08:00,/work/share/aczlvkl1ac/bcsd_runs/production_v2
cf-grid-v2/BCC-CSM2-MR/ssp585/wind/R01C11,BCC-CSM2-MR,ssp585,wind,R01C11,blocks,16,0,0,0,0,True,2026-10-01T01:02:55+08:00,/work/share/aczlvkl1ac/bcsd_runs/production_v2
cf-grid-v2/BCC-CSM2-MR/ssp585/wind/R01C12,BCC-CSM2-MR,ssp585,wind,R01C12,blocks,16,0,0,0,0,True,2026-10-01T01:02:55+08:00,/work/share/aczlvkl1ac/bcsd_runs/production_v2
cf-grid-v2/BCC-CSM2-MR/ssp585/wind/R02C01,BCC-CSM2-MR,ssp585,wind,R02C01,blocks,16,0,0,0,0,True,2026-10-01T01:02:55+08:00,/work/share/aczlvkl1ac/bcsd_runs/production_v2
cf-grid-v2/BCC-CSM2-MR/ssp585/wind/R02C02,BCC-CSM2-MR,ssp585,wind,R02C02,blocks,16,0,0,0,0,True,2026-10-01T01:02:55+08:00,/work/share/aczlvkl1ac/bcsd_runs/production_v2
cf-grid-v2/BCC-CSM2-MR/ssp585/wind/R02C03,BCC-CSM2-MR,ssp585,wind,R02C03,blocks,16,0,0,0,0,True,2026-10-01T01:02:55+08:00,/work/share/aczlvkl1ac/bcsd_runs/production_v2
cf-grid-v2/BCC-CSM2-MR/ssp585/wind/R02C04,BCC-CSM2-MR,ssp585,wind,R02C04,blocks,16,0,0,0,0,True,2026-10-01T01:02:55+08:00,/work/share/aczlvkl1ac/bcsd_runs/production_v2
cf-grid-v2/BCC-CSM2-MR/ssp585/wind/R02C05,BCC-CSM2-MR,ssp585,wind,R02C05,blocks,16,0,0,0,0,True,2026-10-01T01:02:55+08:00,/work/share/aczlvkl1ac/bcsd_runs/production_v2
cf-grid-v2/BCC-CSM2-MR/ssp585/wind/R02C06,BCC-CSM2-MR,ssp585,wind,R02C06,blocks,16,0,0,0,0,True,2026-10-01T01:02:55+08:00,/work/share/aczlvkl1ac/bcsd_runs/production_v2
cf-grid-v2/BCC-CSM2-MR/ssp585/wind/R02C07,BCC-CSM2-MR,ssp585,wind,R02C07,blocks,16,0,0,0,0,True,2026-10-01T01:02:55+08:00,/work/share/aczlvkl1ac/bcsd_runs/production_v2
cf-grid-v2/BCC-CSM2-MR/ssp585/wind/R02C08,BCC-CSM2-MR,ssp585,wind,R02C08,blocks,16,0,0,0,0,True,2026-10-01T01:02:55+08:00,/work/share/aczlvkl1ac/bcsd_runs/production_v2
cf-grid-v2/BCC-CSM2-MR/ssp585/wind/R02C09,BCC-CSM2-MR,ssp585,wind,R02C09,blocks,16,0,0,0,0,True,2026-10-01T01:02:55+08:00,/work/share/aczlvkl1ac/bcsd_runs/production_v2
cf-grid-v2/BCC-CSM2-MR/ssp585/wind/R02C10,BCC-CSM2-MR,ssp585,wind,R02C10,blocks,16,0,0,0,0,True,2026-10-01T01:02:55+08:00,/work/share/aczlvkl1ac/bcsd_runs/production_v2
cf-grid-v2/BCC-CSM2-MR/ssp585/wind/R02C11,BCC-CSM2-MR,ssp585,wind,R02C11,blocks,16,0,0,0,0,True,2026-10-01T01:02:55+08:00,/work/share/aczlvkl1ac/bcsd_runs/production_v2
cf-grid-v2/BCC-CSM2-MR/ssp585/wind/R02C12,BCC-CSM2-MR,ssp585,wind,R02C12,blocks,16,0,0,0,0,True,2026-10-01T01:02:55+08:00,/work/share/aczlvkl1ac/bcsd_runs/production_v2
cf-grid-v2/BCC-CSM2-MR/ssp585/wind/R03C03,BCC-CSM2-MR,ssp585,wind,R03C03,blocks,16,0,0,0,0,True,2026-10-01T01:02:55+08:00,/work/share/aczlvkl1ac/bcsd_runs/production_v2
cf-grid-v2/BCC-CSM2-MR/ssp585/wind/R03C04,BCC-CSM2-MR,ssp585,wind,R03C04,blocks,16,0,0,0,0,True,2026-10-01T01:02:55+08:00,/work/share/aczlvkl1ac/bcsd_runs/production_v2
cf-grid-v2/BCC-CSM2-MR/ssp585/wind/R03C05,BCC-CSM2-MR,ssp585,wind,R03C05,blocks,16,0,0,0,0,True,2026-10-01T01:02:55+08:00,/work/share/aczlvkl1ac/bcsd_runs/production_v2
cf-grid-v2/BCC-CSM2-MR/ssp585/wind/R03C06,BCC-CSM2-MR,ssp585,wind,R03C06,blocks,16,0,0,0,0,True,2026-10-01T01:02:55+08:00,/work/share/aczlvkl1ac/bcsd_runs/production_v2
cf-grid-v2/BCC-CSM2-MR/ssp585/wind/R03C07,BCC-CSM2-MR,ssp585,wind,R03C07,blocks,16,0,0,0,0,True,2026-10-01T01:02:55+08:00,/work/share/aczlvkl1ac/bcsd_runs/production_v2
cf-grid-v2/BCC-CSM2-MR/ssp585/wind/R03C08,BCC-CSM2-MR,ssp585,wind,R03C08,blocks,16,0,0,0,0,True,2026-10-01T01:02:55+08:00,/work/share/aczlvkl1ac/bcsd_runs/production_v2
cf-grid-v2/BCC-CSM2-MR/ssp585/wind/R03C09,BCC-CSM2-MR,ssp585,wind,R03C09,blocks,16,0,0,0,0,True,2026-10-01T01:02:55+08:00,/work/share/aczlvkl1ac/bcsd_runs/production_v2
cf-grid-v2/BCC-CSM2-MR/ssp585/wind/R03C10,BCC-CSM2-MR,ssp585,wind,R03C10,blocks,16,0,0,0,0,True,2026-10-01T01:02:55+08:00,/work/share/aczlvkl1ac/bcsd_runs/production_v2
cf-grid-v2/BCC-CSM2-MR/ssp585/wind/R03C11,BCC-CSM2-MR,ssp585,wind,R03C11,blocks,16,0,0,0,0,True,2026-10-01T01:02:55+08:00,/work/share/aczlvkl1ac/bcsd_runs/production_v2
cf-grid-v2/BCC-CSM2-MR/ssp585/wind/R04C04,BCC-CSM2-MR,ssp585,wind,R04C04,blocks,16,0,0,0,0,True,2026-10-01T01:02:55+08:00,/work/share/aczlvkl1ac/bcsd_runs/production_v2
cf-grid-v2/BCC-CSM2-MR/ssp585/wind/R04C05,BCC-CSM2-MR,ssp585,wind,R04C05,blocks,16,0,0,0,0,True,2026-10-01T01:02:55+08:00,/work/share/aczlvkl1ac/bcsd_runs/production_v2
cf-grid-v2/BCC-CSM2-MR/ssp585/wind/R04C07,BCC-CSM2-MR,ssp585,wind,R04C07,blocks,16,0,0,0,0,True,2026-10-01T01:02:55+08:00,/work/share/aczlvkl1ac/bcsd_runs/production_v2
cf-grid-v2/BCC-CSM2-MR/ssp585/wind/R04C08,BCC-CSM2-MR,ssp585,wind,R04C08,blocks,16,0,0,0,0,True,2026-10-01T01:02:55+08:00,/work/share/aczlvkl1ac/bcsd_runs/production_v2
cf-grid-v2/BCC-CSM2-MR/ssp585/wind/R04C10,BCC-CSM2-MR,ssp585,wind,R04C10,blocks,16,0,0,0,0,True,2026-10-01T01:02:55+08:00,/work/share/aczlvkl1ac/bcsd_runs/production_v2
cf-grid-v2/BCC-CSM2-MR/ssp585/wind/R04C11,BCC-CSM2-MR,ssp585,wind,R04C11,blocks,16,0,0,0,0,True,2026-10-01T01:02:55+08:00,/work/share/aczlvkl1ac/bcsd_runs/production_v2
cf-grid-v2/BCC-CSM2-MR/ssp585/wind/R04C12,BCC-CSM2-MR,ssp585,wind,R04C12,blocks,16,0,0,0,0,True,2026-10-01T01:02:55+08:00,/work/share/aczlvkl1ac/bcsd_runs/production_v2
cf-grid-v2/BCC-CSM2-MR/ssp585/wind/R05C04,BCC-CSM2-MR,ssp585,wind,R05C04,blocks,16,0,0,0,0,True,2026-10-01T01:02:55+08:00,/work/share/aczlvkl1ac/bcsd_runs/production_v2
cf-grid-v2/BCC-CSM2-MR/ssp585/wind/R05C05,BCC-CSM2-MR,ssp585,wind,R05C05,blocks,16,0,0,0,0,True,2026-10-01T01:02:55+08:00,/work/share/aczlvkl1ac/bcsd_runs/production_v2
cf-grid-v2/BCC-CSM2-MR/ssp585/wind/R05C07,BCC-CSM2-MR,ssp585,wind,R05C07,blocks,16,0,0,0,0,True,2026-10-01T01:02:55+08:00,/work/share/aczlvkl1ac/bcsd_runs/production_v2
cf-grid-v2/BCC-CSM2-MR/ssp585/wind/R05C08,BCC-CSM2-MR,ssp585,wind,R05C08,blocks,16,0,0,0,0,True,2026-10-01T01:02:55+08:00,/work/share/aczlvkl1ac/bcsd_runs/production_v2
cf-grid-v2/BCC-CSM2-MR/ssp585/wind/R05C10,BCC-CSM2-MR,ssp585,wind,R05C10,blocks,16,0,0,0,0,True,2026-10-01T01:02:55+08:00,/work/share/aczlvkl1ac/bcsd_runs/production_v2
cf-grid-v2/BCC-CSM2-MR/ssp585/wind/R05C11,BCC-CSM2-MR,ssp585,wind,R05C11,blocks,16,0,0,0,0,True,2026-10-01T01:02:55+08:00,/work/share/aczlvkl1ac/bcsd_runs/production_v2
cf-grid-v2/BCC-CSM2-MR/ssp585/wind/R05C12,BCC-CSM2-MR,ssp585,wind,R05C12,blocks,16,0,0,0,0,True,2026-10-01T01:02:55+08:00,/work/share/aczlvkl1ac/bcsd_runs/production_v2
cf-grid-v2/BCC-CSM2-MR/ssp585/solar/R01C01,BCC-CSM2-MR,ssp585,solar,R01C01,blocks,32,0,0,0,0,True,2026-10-01T01:02:55+08:00,/work/share/aczlvkl1ac/bcsd_runs/production_v2
cf-grid-v2/BCC-CSM2-MR/ssp585/solar/R01C02,BCC-CSM2-MR,ssp585,solar,R01C02,blocks,32,0,0,0,0,True,2026-10-01T01:02:55+08:00,/work/share/aczlvkl1ac/bcsd_runs/production_v2
cf-grid-v2/BCC-CSM2-MR/ssp585/solar/R01C03,BCC-CSM2-MR,ssp585,solar,R01C03,blocks,32,0,0,0,0,True,2026-10-01T01:02:55+08:00,/work/share/aczlvkl1ac/bcsd_runs/production_v2
cf-grid-v2/BCC-CSM2-MR/ssp585/solar/R01C04,BCC-CSM2-MR,ssp585,solar,R01C04,blocks,32,0,0,0,0,True,2026-10-01T01:02:55+08:00,/work/share/aczlvkl1ac/bcsd_runs/production_v2
cf-grid-v2/BCC-CSM2-MR/ssp585/solar/R01C05,BCC-CSM2-MR,ssp585,solar,R01C05,blocks,32,0,0,0,0,True,2026-10-01T01:02:55+08:00,/work/share/aczlvkl1ac/bcsd_runs/production_v2
cf-grid-v2/BCC-CSM2-MR/ssp585/solar/R01C06,BCC-CSM2-MR,ssp585,solar,R01C06,blocks,32,0,0,0,0,True,2026-10-01T01:02:55+08:00,/work/share/aczlvkl1ac/bcsd_runs/production_v2
cf-grid-v2/BCC-CSM2-MR/ssp585/solar/R01C07,BCC-CSM2-MR,ssp585,solar,R01C07,blocks,32,0,0,0,0,True,2026-10-01T01:02:55+08:00,/work/share/aczlvkl1ac/bcsd_runs/production_v2
cf-grid-v2/BCC-CSM2-MR/ssp585/solar/R01C08,BCC-CSM2-MR,ssp585,solar,R01C08,blocks,32,0,0,0,0,True,2026-10-01T01:02:55+08:00,/work/share/aczlvkl1ac/bcsd_runs/production_v2
cf-grid-v2/BCC-CSM2-MR/ssp585/solar/R01C09,BCC-CSM2-MR,ssp585,solar,R01C09,blocks,32,0,0,0,0,True,2026-10-01T01:02:55+08:00,/work/share/aczlvkl1ac/bcsd_runs/production_v2
cf-grid-v2/BCC-CSM2-MR/ssp585/solar/R01C10,BCC-CSM2-MR,ssp585,solar,R01C10,blocks,32,0,0,0,0,True,2026-10-01T01:02:55+08:00,/work/share/aczlvkl1ac/bcsd_runs/production_v2
cf-grid-v2/BCC-CSM2-MR/ssp585/solar/R01C11,BCC-CSM2-MR,ssp585,solar,R01C11,blocks,32,0,0,0,0,True,2026-10-01T01:02:55+08:00,/work/share/aczlvkl1ac/bcsd_runs/production_v2
cf-grid-v2/BCC-CSM2-MR/ssp585/solar/R01C12,BCC-CSM2-MR,ssp585,solar,R01C12,blocks,32,0,0,0,0,True,2026-10-01T01:02:55+08:00,/work/share/aczlvkl1ac/bcsd_runs/production_v2
cf-grid-v2/BCC-CSM2-MR/ssp585/solar/R02C01,BCC-CSM2-MR,ssp585,solar,R02C01,blocks,32,0,0,0,0,True,2026-10-01T01:02:55+08:00,/work/share/aczlvkl1ac/bcsd_runs/production_v2
cf-grid-v2/BCC-CSM2-MR/ssp585/solar/R02C02,BCC-CSM2-MR,ssp585,solar,R02C02,blocks,32,0,0,0,0,True,2026-10-01T01:02:55+08:00,/work/share/aczlvkl1ac/bcsd_runs/production_v2
cf-grid-v2/BCC-CSM2-MR/ssp585/solar/R02C03,BCC-CSM2-MR,ssp585,solar,R02C03,blocks,32,0,0,0,0,True,2026-10-01T01:02:55+08:00,/work/share/aczlvkl1ac/bcsd_runs/production_v2
cf-grid-v2/BCC-CSM2-MR/ssp585/solar/R02C04,BCC-CSM2-MR,ssp585,solar,R02C04,blocks,32,0,0,0,0,True,2026-10-01T01:02:55+08:00,/work/share/aczlvkl1ac/bcsd_runs/production_v2
cf-grid-v2/BCC-CSM2-MR/ssp585/solar/R02C05,BCC-CSM2-MR,ssp585,solar,R02C05,blocks,32,0,0,0,0,True,2026-10-01T01:02:55+08:00,/work/share/aczlvkl1ac/bcsd_runs/production_v2
cf-grid-v2/BCC-CSM2-MR/ssp585/solar/R02C06,BCC-CSM2-MR,ssp585,solar,R02C06,blocks,32,0,0,0,0,True,2026-10-01T01:02:55+08:00,/work/share/aczlvkl1ac/bcsd_runs/production_v2
cf-grid-v2/BCC-CSM2-MR/ssp585/solar/R02C07,BCC-CSM2-MR,ssp585,solar,R02C07,blocks,32,0,0,0,0,True,2026-10-01T01:02:55+08:00,/work/share/aczlvkl1ac/bcsd_runs/production_v2
cf-grid-v2/BCC-CSM2-MR/ssp585/solar/R02C08,BCC-CSM2-MR,ssp585,solar,R02C08,blocks,32,0,0,0,0,True,2026-10-01T01:02:55+08:00,/work/share/aczlvkl1ac/bcsd_runs/production_v2
cf-grid-v2/BCC-CSM2-MR/ssp585/solar/R02C09,BCC-CSM2-MR,ssp585,solar,R02C09,blocks,32,0,0,0,0,True,2026-10-01T01:02:55+08:00,/work/share/aczlvkl1ac/bcsd_runs/production_v2
cf-grid-v2/BCC-CSM2-MR/ssp585/solar/R02C10,BCC-CSM2-MR,ssp585,solar,R02C10,blocks,32,0,0,0,0,True,2026-10-01T01:02:55+08:00,/work/share/aczlvkl1ac/bcsd_runs/production_v2
cf-grid-v2/BCC-CSM2-MR/ssp585/solar/R02C11,BCC-CSM2-MR,ssp585,solar,R02C11,blocks,32,0,0,0,0,True,2026-10-01T01:02:55+08:00,/work/share/aczlvkl1ac/bcsd_runs/production_v2
cf-grid-v2/BCC-CSM2-MR/ssp585/solar/R02C12,BCC-CSM2-MR,ssp585,solar,R02C12,blocks,32,0,0,0,0,True,2026-10-01T01:02:55+08:00,/work/share/aczlvkl1ac/bcsd_runs/production_v2
cf-grid-v2/BCC-CSM2-MR/ssp585/solar/R03C03,BCC-CSM2-MR,ssp585,solar,R03C03,blocks,32,0,0,0,0,True,2026-10-01T01:02:55+08:00,/work/share/aczlvkl1ac/bcsd_runs/production_v2
cf-grid-v2/BCC-CSM2-MR/ssp585/solar/R03C04,BCC-CSM2-MR,ssp585,solar,R03C04,blocks,32,0,0,0,0,True,2026-10-01T01:02:55+08:00,/work/share/aczlvkl1ac/bcsd_runs/production_v2
cf-grid-v2/BCC-CSM2-MR/ssp585/solar/R03C05,BCC-CSM2-MR,ssp585,solar,R03C05,blocks,32,0,0,0,0,True,2026-10-01T01:02:55+08:00,/work/share/aczlvkl1ac/bcsd_runs/production_v2
cf-grid-v2/BCC-CSM2-MR/ssp585/solar/R03C06,BCC-CSM2-MR,ssp585,solar,R03C06,blocks,32,0,0,0,0,True,2026-10-01T01:02:55+08:00,/work/share/aczlvkl1ac/bcsd_runs/production_v2
cf-grid-v2/BCC-CSM2-MR/ssp585/solar/R03C07,BCC-CSM2-MR,ssp585,solar,R03C07,blocks,32,0,0,0,0,True,2026-10-01T01:02:55+08:00,/work/share/aczlvkl1ac/bcsd_runs/production_v2
cf-grid-v2/BCC-CSM2-MR/ssp585/solar/R03C08,BCC-CSM2-MR,ssp585,solar,R03C08,blocks,32,0,0,0,0,True,2026-10-01T01:02:55+08:00,/work/share/aczlvkl1ac/bcsd_runs/production_v2
cf-grid-v2/BCC-CSM2-MR/ssp585/solar/R03C09,BCC-CSM2-MR,ssp585,solar,R03C09,blocks,32,0,0,0,0,True,2026-10-01T01:02:55+08:00,/work/share/aczlvkl1ac/bcsd_runs/production_v2
cf-grid-v2/BCC-CSM2-MR/ssp585/solar/R03C10,BCC-CSM2-MR,ssp585,solar,R03C10,blocks,32,0,0,0,0,True,2026-10-01T01:02:55+08:00,/work/share/aczlvkl1ac/bcsd_runs/production_v2
cf-grid-v2/BCC-CSM2-MR/ssp585/solar/R03C11,BCC-CSM2-MR,ssp585,solar,R03C11,blocks,32,0,0,0,0,True,2026-10-01T01:02:55+08:00,/work/share/aczlvkl1ac/bcsd_runs/production_v2
cf-grid-v2/BCC-CSM2-MR/ssp585/solar/R04C04,BCC-CSM2-MR,ssp585,solar,R04C04,blocks,32,0,0,0,0,True,2026-10-01T01:02:55+08:00,/work/share/aczlvkl1ac/bcsd_runs/production_v2
cf-grid-v2/BCC-CSM2-MR/ssp585/solar/R04C05,BCC-CSM2-MR,ssp585,solar,R04C05,blocks,32,0,0,0,0,True,2026-10-01T01:02:55+08:00,/work/share/aczlvkl1ac/bcsd_runs/production_v2
cf-grid-v2/BCC-CSM2-MR/ssp585/solar/R04C07,BCC-CSM2-MR,ssp585,solar,R04C07,blocks,32,0,0,0,0,True,2026-10-01T01:02:55+08:00,/work/share/aczlvkl1ac/bcsd_runs/production_v2
cf-grid-v2/BCC-CSM2-MR/ssp585/solar/R04C08,BCC-CSM2-MR,ssp585,solar,R04C08,blocks,32,0,0,0,0,True,2026-10-01T01:02:55+08:00,/work/share/aczlvkl1ac/bcsd_runs/production_v2
cf-grid-v2/BCC-CSM2-MR/ssp585/solar/R04C10,BCC-CSM2-MR,ssp585,solar,R04C10,blocks,32,0,0,0,0,True,2026-10-01T01:02:55+08:00,/work/share/aczlvkl1ac/bcsd_runs/production_v2
cf-grid-v2/BCC-CSM2-MR/ssp585/solar/R04C11,BCC-CSM2-MR,ssp585,solar,R04C11,blocks,32,0,0,0,0,True,2026-10-01T01:02:55+08:00,/work/share/aczlvkl1ac/bcsd_runs/production_v2
cf-grid-v2/BCC-CSM2-MR/ssp585/solar/R04C12,BCC-CSM2-MR,ssp585,solar,R04C12,blocks,32,0,0,0,0,True,2026-10-01T01:02:55+08:00,/work/share/aczlvkl1ac/bcsd_runs/production_v2
cf-grid-v2/BCC-CSM2-MR/ssp585/solar/R05C04,BCC-CSM2-MR,ssp585,solar,R05C04,blocks,32,0,0,0,0,True,2026-10-01T01:02:55+08:00,/work/share/aczlvkl1ac/bcsd_runs/production_v2
cf-grid-v2/BCC-CSM2-MR/ssp585/solar/R05C05,BCC-CSM2-MR,ssp585,solar,R05C05,blocks,32,0,0,0,0,True,2026-10-01T01:02:55+08:00,/work/share/aczlvkl1ac/bcsd_runs/production_v2
cf-grid-v2/BCC-CSM2-MR/ssp585/solar/R05C07,BCC-CSM2-MR,ssp585,solar,R05C07,blocks,32,0,0,0,0,True,2026-10-01T01:02:55+08:00,/work/share/aczlvkl1ac/bcsd_runs/production_v2
cf-grid-v2/BCC-CSM2-MR/ssp585/solar/R05C08,BCC-CSM2-MR,ssp585,solar,R05C08,blocks,32,0,0,0,0,True,2026-10-01T01:02:55+08:00,/work/share/aczlvkl1ac/bcsd_runs/production_v2
cf-grid-v2/BCC-CSM2-MR/ssp585/solar/R05C10,BCC-CSM2-MR,ssp585,solar,R05C10,blocks,32,0,0,0,0,True,2026-10-01T01:02:55+08:00,/work/share/aczlvkl1ac/bcsd_runs/production_v2
cf-grid-v2/BCC-CSM2-MR/ssp585/solar/R05C11,BCC-CSM2-MR,ssp585,solar,R05C11,blocks,32,0,0,0,0,True,2026-10-01T01:02:55+08:00,/work/share/aczlvkl1ac/bcsd_runs/production_v2
cf-grid-v2/BCC-CSM2-MR/ssp585/solar/R05C12,BCC-CSM2-MR,ssp585,solar,R05C12,blocks,32,0,0,0,0,True,2026-10-01T01:02:55+08:00,/work/share/aczlvkl1ac/bcsd_runs/production_v2
